round,radius,n_active,n_eliminated,eliminated,cumulative_shots
0,0.15245503130654156,140,92,1 3 5 7 8 10 13 15 16 17 18 19 21 22 24 26 27 30 33 34 36 37 39 40 41 42 43 45 46 48 49 52 55 56 58 59 60 61 62 63 65 66 69 72 73 75 76 78 79 80 81 82 83 86 89 90 92 93 94 95 96 97 99 100 103 106 107 108 109 110 111 112 115 117 118 119 120 121 123 124 126 127 128 129 130 131 132 133 134 135 137 138,22426152.7310338
1,0.15245503130650587,48,1,0,22426152.731038
2,0.1524550313065057,47,1,2,22426152.731038027
3,0.1524550312994436,46,2,9 11,22426152.731812287
4,0.152455031293828,44,1,6,22426152.732427597
5,0.1524550312938279,43,1,4,22426152.73242761
6,0.15245503127147017,42,1,12,22426152.734873865
7,0.1524550312714701,41,1,14,22426152.734873872
8,0.15218287006958559,40,2,35 54,22455982.612679504
9,0.1485900849033118,38,2,32 50,22828764.34013905
10,0.14566321500320856,36,2,25 44,23126288.674591735
11,0.1454642312596211,34,2,31 51,23144747.164266475
12,0.14159928485639134,32,2,29 53,23480602.9174025
13,0.13924933574225826,30,2,38 57,23663236.88376206
14,0.13578306577513582,28,2,77 91,23905515.484235086
15,0.13414781181828309,26,2,28 47,24025360.08622375
16,0.13105180064637176,24,1,23,24208661.15512434
17,0.12810503608654833,23,1,139,24312067.96937658
18,0.12112480161623027,22,1,20,24586521.948759202
19,0.11849436344777739,21,2,102 116,24606409.134390343
20,0.11710970912908195,19,2,71 84,24616550.363509297
21,0.11384651445279445,17,1,136,24639921.15183221
22,0.11103309578748327,16,2,68 87,24660943.67925639
23,0.10803835517030216,14,2,104 114,24681014.730363864
24,0.09148149597652319,12,2,74 88,24815376.83954737
25,0.09056500299302692,10,1,67,24823272.016347967
26,0.08384499002634509,9,1,122,24875533.62433222
27,0.0835017906296872,8,1,125,24878167.98213712
28,0.08152746788157501,7,1,98,24893003.163190097
29,0.07568777361002367,6,2,70 85,24939554.04260197
30,0.07407768731153798,4,2,105 113,24948446.395693067
31,0.050545245488985494,2,1,64,25096605.318643972
