label,trial,n_trials,seed,selected,correct,shots,rounds,shortfall,miscovered_rounds,best_eliminated,stopped_rho,contexts_used,cz_per_shot_mean
"M1 static, rho=0.1",0,100,5,113,0,330581451.0,1,0.0,0,False,False,1482,23.816926688364013
"M1 static, rho=0.1",1,100,5,44,0,330581451.0,1,0.0,0,False,False,1482,23.816926688364013
"M1 static, rho=0.1",2,100,5,13,0,330581451.0,1,0.0,0,False,False,1482,23.816926688364013
"M1 static, rho=0.1",3,100,5,12,1,330581451.0,1,0.0,0,False,False,1482,23.816926688364013
"M1 static, rho=0.1",4,100,5,45,0,330581451.0,1,0.0,0,False,False,1482,23.816926688364013
"M1 static, rho=0.1",5,100,5,12,1,330581451.0,1,0.0,0,False,False,1482,23.816926688364013
"M1 static, rho=0.1",6,100,5,113,0,330581451.0,1,0.0,0,False,False,1482,23.816926688364013
"M1 static, rho=0.1",7,100,5,81,0,330581451.0,1,0.0,0,False,False,1482,23.816926688364013
"M1 static, rho=0.1",8,100,5,44,0,330581451.0,1,0.0,0,False,False,1482,23.816926688364013
"M1 static, rho=0.1",9,100,5,81,0,330581451.0,1,0.0,0,False,False,1482,23.816926688364013
"M1 static, rho=0.1",10,100,5,80,0,330581451.0,1,0.0,0,False,False,1482,23.816926688364013
"M1 static, rho=0.1",11,100,5,81,0,330581451.0,1,0.0,0,False,False,1482,23.816926688364013
"M1 static, rho=0.1",12,100,5,13,0,330581451.0,1,0.0,0,False,False,1482,23.816926688364013
"M1 static, rho=0.1",13,100,5,81,0,330581451.0,1,0.0,0,False,False,1482,23.816926688364013
"M1 static, rho=0.1",14,100,5,45,0,330581451.0,1,0.0,0,False,False,1482,23.816926688364013
"M1 static, rho=0.1",15,100,5,44,0,330581451.0,1,0.0,0,False,False,1482,23.816926688364013
"M1 static, rho=0.1",16,100,5,45,0,330581451.0,1,0.0,0,False,False,1482,23.816926688364013
"M1 static, rho=0.1",17,100,5,12,1,330581451.0,1,0.0,0,False,False,1482,23.816926688364013
"M1 static, rho=0.1",18,100,5,81,0,330581451.0,1,0.0,0,False,False,1482,23.816926688364013
"M1 static, rho=0.1",19,100,5,44,0,330581451.0,1,0.0,1,False,False,1482,23.816926688364013
"M1 static, rho=0.1",20,100,5,13,0,330581451.0,1,0.0,0,False,False,1482,23.816926688364013
"M1 static, rho=0.1",21,100,5,13,0,330581451.0,1,0.0,0,False,False,1482,23.816926688364013
"M1 static, rho=0.1",22,100,5,44,0,330581451.0,1,0.0,0,False,False,1482,23.816926688364013
"M1 static, rho=0.1",23,100,5,112,0,330581451.0,1,0.0,0,False,False,1482,23.816926688364013
"M1 static, rho=0.1",24,100,5,113,0,330581451.0,1,0.0,0,False,False,1482,23.816926688364013
"M1 static, rho=0.1",25,100,5,45,0,330581451.0,1,0.0,0,False,False,1482,23.816926688364013
"M1 static, rho=0.1",26,100,5,81,0,330581451.0,1,0.0,0,False,False,1482,23.816926688364013
"M1 static, rho=0.1",27,100,5,80,0,330581451.0,1,0.0,0,False,False,1482,23.816926688364013
"M1 static, rho=0.1",28,100,5,113,0,330581451.0,1,0.0,0,False,False,1482,23.816926688364013
"M1 static, rho=0.1",29,100,5,113,0,330581451.0,1,0.0,0,False,False,1482,23.816926688364013
"M1 static, rho=0.1",30,100,5,13,0,330581451.0,1,0.0,0,False,False,1482,23.816926688364013
"M1 static, rho=0.1",31,100,5,13,0,330581451.0,1,0.0,1,False,False,1482,23.816926688364013
"M1 static, rho=0.1",32,100,5,80,0,330581451.0,1,0.0,0,False,False,1482,23.816926688364013
"M1 static, rho=0.1",33,100,5,81,0,330581451.0,1,0.0,0,False,False,1482,23.816926688364013
"M1 static, rho=0.1",34,100,5,13,0,330581451.0,1,0.0,0,False,False,1482,23.816926688364013
"M1 static, rho=0.1",35,100,5,113,0,330581451.0,1,0.0,0,False,False,1482,23.816926688364013
"M1 static, rho=0.1",36,100,5,44,0,330581451.0,1,0.0,0,False,False,1482,23.816926688364013
"M1 static, rho=0.1",37,100,5,44,0,330581451.0,1,0.0,0,False,False,1482,23.816926688364013
"M1 static, rho=0.1",38,100,5,80,0,330581451.0,1,0.0,0,False,False,1482,23.816926688364013
"M1 static, rho=0.1",39,100,5,80,0,330581451.0,1,0.0,0,False,False,1482,23.816926688364013
"M1 static, rho=0.1",40,100,5,45,0,330581451.0,1,0.0,0,False,False,1482,23.816926688364013
"M1 static, rho=0.1",41,100,5,45,0,330581451.0,1,0.0,0,False,False,1482,23.816926688364013
"M1 static, rho=0.1",42,100,5,12,1,330581451.0,1,0.0,0,False,False,1482,23.816926688364013
"M1 static, rho=0.1",43,100,5,44,0,330581451.0,1,0.0,0,False,False,1482,23.816926688364013
"M1 static, rho=0.1",44,100,5,13,0,330581451.0,1,0.0,0,False,False,1482,23.816926688364013
"M1 static, rho=0.1",45,100,5,113,0,330581451.0,1,0.0,0,False,False,1482,23.816926688364013
"M1 static, rho=0.1",46,100,5,44,0,330581451.0,1,0.0,0,False,False,1482,23.816926688364013
"M1 static, rho=0.1",47,100,5,45,0,330581451.0,1,0.0,0,False,False,1482,23.816926688364013
"M1 static, rho=0.1",48,100,5,13,0,330581451.0,1,0.0,1,False,False,1482,23.816926688364013
"M1 static, rho=0.1",49,100,5,45,0,330581451.0,1,0.0,0,False,False,1482,23.816926688364013
"M1 static, rho=0.1",50,100,5,80,0,330581451.0,1,0.0,0,False,False,1482,23.816926688364013
"M1 static, rho=0.1",51,100,5,45,0,330581451.0,1,0.0,0,False,False,1482,23.816926688364013
"M1 static, rho=0.1",52,100,5,12,1,330581451.0,1,0.0,0,False,False,1482,23.816926688364013
"M1 static, rho=0.1",53,100,5,45,0,330581451.0,1,0.0,0,False,False,1482,23.816926688364013
"M1 static, rho=0.1",54,100,5,45,0,330581451.0,1,0.0,1,False,False,1482,23.816926688364013
"M1 static, rho=0.1",55,100,5,12,1,330581451.0,1,0.0,0,False,False,1482,23.816926688364013
"M1 static, rho=0.1",56,100,5,45,0,330581451.0,1,0.0,0,False,False,1482,23.816926688364013
"M1 static, rho=0.1",57,100,5,81,0,330581451.0,1,0.0,0,False,False,1482,23.816926688364013
"M1 static, rho=0.1",58,100,5,12,1,330581451.0,1,0.0,0,False,False,1482,23.816926688364013
"M1 static, rho=0.1",59,100,5,80,0,330581451.0,1,0.0,0,False,False,1482,23.816926688364013
"M1 static, rho=0.1",60,100,5,12,1,330581451.0,1,0.0,0,False,False,1482,23.816926688364013
"M1 static, rho=0.1",61,100,5,44,0,330581451.0,1,0.0,0,False,False,1482,23.816926688364013
"M1 static, rho=0.1",62,100,5,45,0,330581451.0,1,0.0,0,False,False,1482,23.816926688364013
"M1 static, rho=0.1",63,100,5,112,0,330581451.0,1,0.0,0,False,False,1482,23.816926688364013
"M1 static, rho=0.1",64,100,5,113,0,330581451.0,1,0.0,0,False,False,1482,23.816926688364013
"M1 static, rho=0.1",65,100,5,12,1,330581451.0,1,0.0,0,False,False,1482,23.816926688364013
"M1 static, rho=0.1",66,100,5,80,0,330581451.0,1,0.0,0,False,False,1482,23.816926688364013
"M1 static, rho=0.1",67,100,5,80,0,330581451.0,1,0.0,0,False,False,1482,23.816926688364013
"M1 static, rho=0.1",68,100,5,44,0,330581451.0,1,0.0,0,False,False,1482,23.816926688364013
"M1 static, rho=0.1",69,100,5,13,0,330581451.0,1,0.0,0,False,False,1482,23.816926688364013
"M1 static, rho=0.1",70,100,5,44,0,330581451.0,1,0.0,1,False,False,1482,23.816926688364013
"M1 static, rho=0.1",71,100,5,12,1,330581451.0,1,0.0,0,False,False,1482,23.816926688364013
"M1 static, rho=0.1",72,100,5,13,0,330581451.0,1,0.0,0,False,False,1482,23.816926688364013
"M1 static, rho=0.1",73,100,5,81,0,330581451.0,1,0.0,0,False,False,1482,23.816926688364013
"M1 static, rho=0.1",74,100,5,12,1,330581451.0,1,0.0,0,False,False,1482,23.816926688364013
"M1 static, rho=0.1",75,100,5,44,0,330581451.0,1,0.0,0,False,False,1482,23.816926688364013
"M1 static, rho=0.1",76,100,5,113,0,330581451.0,1,0.0,0,False,False,1482,23.816926688364013
"M1 static, rho=0.1",77,100,5,113,0,330581451.0,1,0.0,1,False,False,1482,23.816926688364013
"M1 static, rho=0.1",78,100,5,13,0,330581451.0,1,0.0,1,False,False,1482,23.816926688364013
"M1 static, rho=0.1",79,100,5,13,0,330581451.0,1,0.0,0,False,False,1482,23.816926688364013
"M1 static, rho=0.1",80,100,5,44,0,330581451.0,1,0.0,0,False,False,1482,23.816926688364013
"M1 static, rho=0.1",81,100,5,44,0,330581451.0,1,0.0,0,False,False,1482,23.816926688364013
"M1 static, rho=0.1",82,100,5,112,0,330581451.0,1,0.0,0,False,False,1482,23.816926688364013
"M1 static, rho=0.1",83,100,5,13,0,330581451.0,1,0.0,0,False,False,1482,23.816926688364013
"M1 static, rho=0.1",84,100,5,44,0,330581451.0,1,0.0,0,False,False,1482,23.816926688364013
"M1 static, rho=0.1",85,100,5,80,0,330581451.0,1,0.0,0,False,False,1482,23.816926688364013
"M1 static, rho=0.1",86,100,5,44,0,330581451.0,1,0.0,0,False,False,1482,23.816926688364013
"M1 static, rho=0.1",87,100,5,81,0,330581451.0,1,0.0,0,False,False,1482,23.816926688364013
"M1 static, rho=0.1",88,100,5,44,0,330581451.0,1,0.0,0,False,False,1482,23.816926688364013
"M1 static, rho=0.1",89,100,5,13,0,330581451.0,1,0.0,0,False,False,1482,23.816926688364013
"M1 static, rho=0.1",90,100,5,112,0,330581451.0,1,0.0,0,False,False,1482,23.816926688364013
"M1 static, rho=0.1",91,100,5,44,0,330581451.0,1,0.0,0,False,False,1482,23.816926688364013
"M1 static, rho=0.1",92,100,5,45,0,330581451.0,1,0.0,1,False,False,1482,23.816926688364013
"M1 static, rho=0.1",93,100,5,113,0,330581451.0,1,0.0,0,False,False,1482,23.816926688364013
"M1 static, rho=0.1",94,100,5,45,0,330581451.0,1,0.0,0,False,False,1482,23.816926688364013
"M1 static, rho=0.1",95,100,5,44,0,330581451.0,1,0.0,0,False,False,1482,23.816926688364013
"M1 static, rho=0.1",96,100,5,45,0,330581451.0,1,0.0,0,False,False,1482,23.816926688364013
"M1 static, rho=0.1",97,100,5,113,0,330581451.0,1,0.0,0,False,False,1482,23.816926688364013
"M1 static, rho=0.1",98,100,5,80,0,330581451.0,1,0.0,0,False,False,1482,23.816926688364013
"M1 static, rho=0.1",99,100,5,113,0,330581451.0,1,0.0,0,False,False,1482,23.816926688364013
