case,state,top_generator,abs_g1,abs_g2,gap,m2_diagnostic_shots
"LiH, R=3.0 A",HF,"D 2,3->10,11",0.243187338286613,0.14679901528666847,0.09638832299994451,7368553
"H4 square, side=1.0 A",HF,"D 2,3 -> 6,7",0.295315871454509,0.2737764986563104,0.0215393727981986,451756
"H4 square, side=1.0 A",CISD,"D 0,1 -> 6,7",0.1424668769700994,0.0243855404754221,0.1180813364946773,53265
"H4 square, side=2.0 A",HF,"D 2,3 -> 6,7",0.315036062733783,0.298387427026568,0.0166486357072149,112099
"H4 square, side=2.0 A",CISD,"D 0,1 -> 6,7",0.0989609173037334,0.0471018609654967,0.0518590563382367,19188
"H2O eq., R(OH)=0.9572 A",HF,"D 4,5 -> 12,13",0.3049100563647601,0.2038195781248468,0.1010904782399132,16545899
"H2O eq., R(OH)=0.9572 A",CISD,"D 4,5 -> 12,13",0.0069254333828649,0.004861167685097,0.0020642656977679,30149151647
"H2O stretch, R(OH)=1.75 A",HF,"D 6,7 -> 12,13",0.3884932911240231,0.3666378548817007,0.0218554362423223,9124527
"H2O stretch, R(OH)=1.75 A",CISD,"D 6,7 -> 12,13",0.1068733030339623,0.089916926106174,0.0169563769277882,92693712
