case_id,switch_index,n_active,shared_fraction,m2,m3,discard_total,reuse_total,new_groups,arms_dropped,is_overlap_trigger
H4_square_eq_side1p0_CISD,0,26,0.8275862068965517,102806,53403,53402.029702318854,53402.029702318854,53,0,False
H4_square_eq_side1p0_CISD,1,14,0.7575757575757576,102806,53403,81193.71050686788,50028.73544640715,24,34,False
H4_square_eq_side1p0_CISD,2,12,0.5895196506550219,102806,53403,82094.61801265553,50789.80187494996,25,32,False
H4_square_eq_side1p0_CISD,3,10,0.7746478873239436,102806,53403,73825.1354675206,50906.52888082972,12,21,False
H4_square_eq_side1p0_CISD,4,9,0.7769784172661871,102806,53403,74835.65344867989,50899.277302753486,12,13,False
H4_square_eq_side1p0_CISD,5,8,0.7794117647058824,102806,53403,73303.83680657286,50942.918501930144,11,4,False
H4_square_eq_side1p0_CISD,6,7,0.7851851851851852,102806,53403,75811.71791155695,50978.218178665185,11,18,False
H4_square_eq_side1p0_CISD,7,6,0.6742424242424242,102806,53403,76912.63255100921,51166.5094522485,11,15,False
H4_square_eq_side1p0_CISD,8,5,0.5581395348837209,102806,53403,75227.64125740841,51132.05080313509,10,9,False
H4_square_eq_side1p0_CISD,9,4,0.483739837398374,102806,53403,76090.05202285683,51305.61917603497,10,4,False
H4_square_eq_side1p0_CISD,10,3,0.4017094017094017,102806,53403,74646.10582677819,51408.76798803407,9,0,False
H4_square_eq_side1p0_CISD,11,2,0.2781065088757396,102806,53403,77758.30760801284,52907.51201247029,9,2,False
