generator_index,label,abs_gradient,n_fc_groups,sigma_sum,shots
0,S 0 -> 4,1.37098948275256e-33,4,0.9265219660460633,2369.4840136190387
1,S 0 -> 6,2.41594673451834e-33,5,1.5326825856861435,6484.056474720962
2,S 1 -> 5,1.4504096825100784e-34,4,0.9265219660460631,2369.4840136190373
3,S 1 -> 7,2.9933141621122953e-34,5,1.5337458799846668,6493.056187840489
4,S 2 -> 4,2.1589498776188163e-34,4,0.4292089561854004,508.4870468465707
5,S 2 -> 6,6.328129635608766e-35,6,1.2035401609706928,3998.1908093746324
6,S 3 -> 5,2.6808583706342095e-34,4,0.4292089561854004,508.4870468465707
7,S 3 -> 7,4.014837136001939e-34,6,1.2035401609706928,3998.1908093746324
8,"D 0,1 -> 4,5",0.0009051636289736549,8,1.3732778097077887,5205.460410533486
9,"D 0,1 -> 4,7",2.4050964915553964e-16,8,1.6312109994271289,7344.506599096136
10,"D 0,1 -> 5,6",3.778466524788123e-16,8,1.6312109994271287,7344.506599096136
11,"D 0,1 -> 6,7",0.14246688378174593,7,2.7894438718504215,21477.19681958739
12,"D 0,2 -> 4,6",0.012462197662446266,5,1.1591246457991966,3708.537057058404
13,"D 0,3 -> 4,5",5.9109486512177654e-18,9,0.7969067483330954,1752.9008509845783
14,"D 0,3 -> 4,7",0.02438554366140211,8,1.4672926574453347,5942.590869947539
15,"D 0,3 -> 5,6",0.011923345998955972,8,1.330799873296177,4888.41248406479
16,"D 0,3 -> 6,7",9.094395037965679e-18,9,1.6367670589808727,7394.623979994145
17,"D 1,2 -> 4,5",4.457707741269873e-18,9,0.8135519991528776,1826.892429280211
18,"D 1,2 -> 4,7",0.011923345998955934,9,1.4051229457900607,5449.679911966359
19,"D 1,2 -> 5,6",0.024385543661402158,10,1.4390171637212386,5715.764026407353
20,"D 1,2 -> 6,7",2.86126940936391e-18,9,1.6566100927215905,7575.0054333955595
21,"D 1,3 -> 5,7",0.012462197662446287,5,1.3994476226724455,5405.746057444897
22,"D 2,3 -> 4,5",0.009009956984305668,6,0.7215829890334704,1437.1924120260264
23,"D 2,3 -> 4,7",9.446977927800756e-18,8,0.9462323246334234,2471.370754171617
24,"D 2,3 -> 5,6",1.5598618808667662e-17,9,0.9247848522652481,2360.6073654012184
25,"D 2,3 -> 6,7",0.0011560509805023187,10,1.5160815835056503,6344.355163887303
