case_id,delta,error_high,error_low,error_rate,method,saving,shots_mean,study,within_tolerance,z
H4_square_stretch_side2p0_HF,0.05,0.012643429997735661,0.0,0.0,m2,,990234.4924961289,delta sweep,1.0,3.101861833740095
H4_square_stretch_side2p0_HF,0.05,0.012643429997735661,0.0,0.0,m3,,552309.3184261747,delta sweep,1.0,3.101861833740095
H4_square_stretch_side2p0_HF,0.5,0.012643429997735661,0.0,0.0,m2,,551573.725714708,delta sweep,1.0,2.3410271376304492
H4_square_stretch_side2p0_HF,0.5,0.018637164554943353,0.0005886425761407379,0.0033333333333332993,m3,,379203.2712492165,delta sweep,0.9966666666666667,2.3410271376304492
H4_square_stretch_side2p0_HF,0.9,0.038415943621705605,0.0071393720427721935,0.01666666666666672,m2,,811981.6971101284,delta sweep,0.9833333333333333,2.1128292564848223
H4_square_stretch_side2p0_HF,0.9,0.028984004635062833,0.0034065567627181124,0.010000000000000009,m3,,431055.10576590576,delta sweep,0.99,2.1128292564848223
H4_square_stretch_side2p0_HF,0.99,0.018637164554943353,0.0005886425761407379,0.0033333333333332993,m2,,509537.6130548475,delta sweep,0.9966666666666667,2.07402571106221
H4_square_stretch_side2p0_HF,0.99,0.023978074231461442,0.0018301100329710784,0.00666666666666671,m3,,352735.52044118644,delta sweep,0.9933333333333333,2.07402571106221
H4_square_stretch_side2p0_HF,0.05,nan,nan,0.0,m2,0.18291480545134708,809105.9429499861,good-enough,1.0,3.101861833740095
H4_square_stretch_side2p0_HF,0.05,nan,nan,0.0,m3,0.24207401385966287,418609.58482265595,good-enough,1.0,3.101861833740095
