label,trial,n_trials,seed,selected,correct,shots,rounds,shortfall,miscovered_rounds,best_eliminated,stopped_rho,gross_shots
"IC oracle, rule=safe, anytime, rho=0.1",0,100,7,91,1,322168555.0,72,0.0,0,False,True,322168555.0
"IC oracle, rule=safe, anytime, rho=0.1",1,100,7,91,1,322168555.0,72,0.0,0,False,True,322168555.0
"IC oracle, rule=safe, anytime, rho=0.1",2,100,7,91,1,322168555.0,72,0.0,0,False,True,322168555.0
"IC oracle, rule=safe, anytime, rho=0.1",3,100,7,91,1,260956529.0,71,0.0,0,False,False,260956529.0
"IC oracle, rule=safe, anytime, rho=0.1",4,100,7,91,1,211374788.0,70,0.0,0,False,True,211374788.0
"IC oracle, rule=safe, anytime, rho=0.1",5,100,7,91,1,211374788.0,70,0.0,0,False,True,211374788.0
"IC oracle, rule=safe, anytime, rho=0.1",6,100,7,91,1,322168555.0,72,0.0,0,False,True,322168555.0
"IC oracle, rule=safe, anytime, rho=0.1",7,100,7,91,1,260956529.0,71,0.0,0,False,True,260956529.0
"IC oracle, rule=safe, anytime, rho=0.1",8,100,7,91,1,260956529.0,71,0.0,0,False,True,260956529.0
"IC oracle, rule=safe, anytime, rho=0.1",9,100,7,91,1,322168555.0,72,0.0,0,False,False,322168555.0
"IC oracle, rule=safe, anytime, rho=0.1",10,100,7,91,1,322168555.0,72,0.0,0,False,True,322168555.0
"IC oracle, rule=safe, anytime, rho=0.1",11,100,7,91,1,211374788.0,70,0.0,0,False,True,211374788.0
"IC oracle, rule=safe, anytime, rho=0.1",12,100,7,91,1,397738957.0,73,0.0,0,False,True,397738957.0
"IC oracle, rule=safe, anytime, rho=0.1",13,100,7,91,1,211374788.0,70,0.0,0,False,True,211374788.0
"IC oracle, rule=safe, anytime, rho=0.1",14,100,7,91,1,260956529.0,71,0.0,1,False,True,260956529.0
"IC oracle, rule=safe, anytime, rho=0.1",15,100,7,91,1,260956529.0,71,0.0,0,False,True,260956529.0
"IC oracle, rule=safe, anytime, rho=0.1",16,100,7,91,1,211374788.0,70,0.0,0,False,True,211374788.0
"IC oracle, rule=safe, anytime, rho=0.1",17,100,7,91,1,260956529.0,71,0.0,0,False,False,260956529.0
"IC oracle, rule=safe, anytime, rho=0.1",18,100,7,91,1,260956529.0,71,0.0,0,False,True,260956529.0
"IC oracle, rule=safe, anytime, rho=0.1",19,100,7,91,1,260956529.0,71,0.0,0,False,True,260956529.0
"IC oracle, rule=safe, anytime, rho=0.1",20,100,7,91,1,322168555.0,72,0.0,0,False,True,322168555.0
"IC oracle, rule=safe, anytime, rho=0.1",21,100,7,91,1,211374788.0,70,0.0,0,False,True,211374788.0
"IC oracle, rule=safe, anytime, rho=0.1",22,100,7,91,1,491035750.0,74,0.0,0,False,True,491035750.0
"IC oracle, rule=safe, anytime, rho=0.1",23,100,7,91,1,211374788.0,70,0.0,0,False,True,211374788.0
"IC oracle, rule=safe, anytime, rho=0.1",24,100,7,91,1,260956529.0,71,0.0,0,False,True,260956529.0
"IC oracle, rule=safe, anytime, rho=0.1",25,100,7,91,1,260956529.0,71,0.0,0,False,True,260956529.0
"IC oracle, rule=safe, anytime, rho=0.1",26,100,7,91,1,322168555.0,72,0.0,0,False,False,322168555.0
"IC oracle, rule=safe, anytime, rho=0.1",27,100,7,91,1,211374788.0,70,0.0,0,False,True,211374788.0
"IC oracle, rule=safe, anytime, rho=0.1",28,100,7,91,1,260956529.0,71,0.0,0,False,False,260956529.0
"IC oracle, rule=safe, anytime, rho=0.1",29,100,7,91,1,260956529.0,71,0.0,0,False,True,260956529.0
"IC oracle, rule=safe, anytime, rho=0.1",30,100,7,91,1,260956529.0,71,0.0,0,False,False,260956529.0
"IC oracle, rule=safe, anytime, rho=0.1",31,100,7,91,1,260956529.0,71,0.0,0,False,True,260956529.0
"IC oracle, rule=safe, anytime, rho=0.1",32,100,7,91,1,322168555.0,72,0.0,0,False,True,322168555.0
"IC oracle, rule=safe, anytime, rho=0.1",33,100,7,91,1,260956529.0,71,0.0,1,False,True,260956529.0
"IC oracle, rule=safe, anytime, rho=0.1",34,100,7,91,1,260956529.0,71,0.0,0,False,True,260956529.0
"IC oracle, rule=safe, anytime, rho=0.1",35,100,7,91,1,260956529.0,71,0.0,0,False,True,260956529.0
"IC oracle, rule=safe, anytime, rho=0.1",36,100,7,91,1,260956529.0,71,0.0,0,False,True,260956529.0
"IC oracle, rule=safe, anytime, rho=0.1",37,100,7,91,1,260956529.0,71,0.0,0,False,True,260956529.0
"IC oracle, rule=safe, anytime, rho=0.1",38,100,7,91,1,260956529.0,71,0.0,0,False,True,260956529.0
"IC oracle, rule=safe, anytime, rho=0.1",39,100,7,91,1,322168555.0,72,0.0,0,False,False,322168555.0
"IC oracle, rule=safe, anytime, rho=0.1",40,100,7,91,1,260956529.0,71,0.0,0,False,True,260956529.0
"IC oracle, rule=safe, anytime, rho=0.1",41,100,7,91,1,211374788.0,70,0.0,1,False,True,211374788.0
"IC oracle, rule=safe, anytime, rho=0.1",42,100,7,91,1,260956529.0,71,0.0,0,False,True,260956529.0
"IC oracle, rule=safe, anytime, rho=0.1",43,100,7,91,1,211374788.0,70,0.0,0,False,True,211374788.0
"IC oracle, rule=safe, anytime, rho=0.1",44,100,7,91,1,260956529.0,71,0.0,0,False,False,260956529.0
"IC oracle, rule=safe, anytime, rho=0.1",45,100,7,91,1,322168555.0,72,0.0,0,False,True,322168555.0
"IC oracle, rule=safe, anytime, rho=0.1",46,100,7,91,1,322168555.0,72,0.0,1,False,True,322168555.0
"IC oracle, rule=safe, anytime, rho=0.1",47,100,7,91,1,260956529.0,71,0.0,0,False,True,260956529.0
"IC oracle, rule=safe, anytime, rho=0.1",48,100,7,91,1,260956529.0,71,0.0,0,False,False,260956529.0
"IC oracle, rule=safe, anytime, rho=0.1",49,100,7,91,1,260956529.0,71,0.0,0,False,True,260956529.0
"IC oracle, rule=safe, anytime, rho=0.1",50,100,7,91,1,211374788.0,70,0.0,0,False,True,211374788.0
"IC oracle, rule=safe, anytime, rho=0.1",51,100,7,91,1,397738957.0,73,0.0,0,False,False,397738957.0
"IC oracle, rule=safe, anytime, rho=0.1",52,100,7,91,1,260956529.0,71,0.0,0,False,True,260956529.0
"IC oracle, rule=safe, anytime, rho=0.1",53,100,7,91,1,397738957.0,73,0.0,0,False,True,397738957.0
"IC oracle, rule=safe, anytime, rho=0.1",54,100,7,91,1,211374788.0,70,0.0,0,False,True,211374788.0
"IC oracle, rule=safe, anytime, rho=0.1",55,100,7,91,1,322168555.0,72,0.0,0,False,True,322168555.0
"IC oracle, rule=safe, anytime, rho=0.1",56,100,7,91,1,211374788.0,70,0.0,0,False,True,211374788.0
"IC oracle, rule=safe, anytime, rho=0.1",57,100,7,91,1,397738957.0,73,0.0,0,False,False,397738957.0
"IC oracle, rule=safe, anytime, rho=0.1",58,100,7,91,1,211374788.0,70,0.0,0,False,True,211374788.0
"IC oracle, rule=safe, anytime, rho=0.1",59,100,7,91,1,211374788.0,70,0.0,0,False,True,211374788.0
"IC oracle, rule=safe, anytime, rho=0.1",60,100,7,91,1,260956529.0,71,0.0,0,False,True,260956529.0
"IC oracle, rule=safe, anytime, rho=0.1",61,100,7,91,1,397738957.0,73,0.0,0,False,False,397738957.0
"IC oracle, rule=safe, anytime, rho=0.1",62,100,7,91,1,397738957.0,73,0.0,0,False,True,397738957.0
"IC oracle, rule=safe, anytime, rho=0.1",63,100,7,41,0,9824653151336.0,121,0.9574172473197209,1,True,False,9824653151336.0
"IC oracle, rule=safe, anytime, rho=0.1",64,100,7,91,1,211374788.0,70,0.0,0,False,True,211374788.0
"IC oracle, rule=safe, anytime, rho=0.1",65,100,7,91,1,260956529.0,71,0.0,0,False,False,260956529.0
"IC oracle, rule=safe, anytime, rho=0.1",66,100,7,91,1,260956529.0,71,0.0,0,False,True,260956529.0
"IC oracle, rule=safe, anytime, rho=0.1",67,100,7,91,1,260956529.0,71,0.0,0,False,True,260956529.0
"IC oracle, rule=safe, anytime, rho=0.1",68,100,7,91,1,397738957.0,73,0.0,0,False,True,397738957.0
"IC oracle, rule=safe, anytime, rho=0.1",69,100,7,91,1,211374788.0,70,0.0,0,False,True,211374788.0
"IC oracle, rule=safe, anytime, rho=0.1",70,100,7,91,1,260956529.0,71,0.0,0,False,True,260956529.0
"IC oracle, rule=safe, anytime, rho=0.1",71,100,7,91,1,397738957.0,73,0.0,0,False,False,397738957.0
"IC oracle, rule=safe, anytime, rho=0.1",72,100,7,91,1,260956529.0,71,0.0,0,False,True,260956529.0
"IC oracle, rule=safe, anytime, rho=0.1",73,100,7,91,1,260956529.0,71,0.0,0,False,False,260956529.0
"IC oracle, rule=safe, anytime, rho=0.1",74,100,7,91,1,322168555.0,72,0.0,0,False,True,322168555.0
"IC oracle, rule=safe, anytime, rho=0.1",75,100,7,91,1,211374788.0,70,0.0,0,False,True,211374788.0
"IC oracle, rule=safe, anytime, rho=0.1",76,100,7,91,1,260956529.0,71,0.0,0,False,False,260956529.0
"IC oracle, rule=safe, anytime, rho=0.1",77,100,7,91,1,322168555.0,72,0.0,0,False,False,322168555.0
"IC oracle, rule=safe, anytime, rho=0.1",78,100,7,91,1,260956529.0,71,0.0,0,False,True,260956529.0
"IC oracle, rule=safe, anytime, rho=0.1",79,100,7,91,1,397738957.0,73,0.0,0,False,True,397738957.0
"IC oracle, rule=safe, anytime, rho=0.1",80,100,7,91,1,211374788.0,70,0.0,0,False,True,211374788.0
"IC oracle, rule=safe, anytime, rho=0.1",81,100,7,91,1,211374788.0,70,0.0,0,False,True,211374788.0
"IC oracle, rule=safe, anytime, rho=0.1",82,100,7,91,1,211374788.0,70,0.0,1,False,True,211374788.0
"IC oracle, rule=safe, anytime, rho=0.1",83,100,7,91,1,211374788.0,70,0.0,0,False,True,211374788.0
"IC oracle, rule=safe, anytime, rho=0.1",84,100,7,91,1,397738957.0,73,0.0,0,False,False,397738957.0
"IC oracle, rule=safe, anytime, rho=0.1",85,100,7,91,1,260956529.0,71,0.0,0,False,True,260956529.0
"IC oracle, rule=safe, anytime, rho=0.1",86,100,7,91,1,211374788.0,70,0.0,0,False,True,211374788.0
"IC oracle, rule=safe, anytime, rho=0.1",87,100,7,91,1,260956529.0,71,0.0,0,False,True,260956529.0
"IC oracle, rule=safe, anytime, rho=0.1",88,100,7,91,1,260956529.0,71,0.0,0,False,True,260956529.0
"IC oracle, rule=safe, anytime, rho=0.1",89,100,7,91,1,211374788.0,70,0.0,1,False,True,211374788.0
"IC oracle, rule=safe, anytime, rho=0.1",90,100,7,91,1,260956529.0,71,0.0,0,False,True,260956529.0
"IC oracle, rule=safe, anytime, rho=0.1",91,100,7,91,1,322168555.0,72,0.0,0,False,True,322168555.0
"IC oracle, rule=safe, anytime, rho=0.1",92,100,7,91,1,260956529.0,71,0.0,0,False,True,260956529.0
"IC oracle, rule=safe, anytime, rho=0.1",93,100,7,91,1,322168555.0,72,0.0,0,False,True,322168555.0
"IC oracle, rule=safe, anytime, rho=0.1",94,100,7,91,1,260956529.0,71,0.0,0,False,True,260956529.0
"IC oracle, rule=safe, anytime, rho=0.1",95,100,7,91,1,322168555.0,72,0.0,0,False,False,322168555.0
"IC oracle, rule=safe, anytime, rho=0.1",96,100,7,91,1,260956529.0,71,0.0,0,False,True,260956529.0
"IC oracle, rule=safe, anytime, rho=0.1",97,100,7,91,1,211374788.0,70,0.0,0,False,True,211374788.0
"IC oracle, rule=safe, anytime, rho=0.1",98,100,7,91,1,260956529.0,71,0.0,0,False,False,260956529.0
"IC oracle, rule=safe, anytime, rho=0.1",99,100,7,91,1,260956529.0,71,0.0,1,False,False,260956529.0
