label,trial,n_trials,seed,selected,correct,shots,rounds
baseline pairwise maxima gamma=0.5,0,100,1,91,1,560363.0,3
baseline pairwise maxima gamma=0.5,1,100,1,91,1,754874.0,4
baseline pairwise maxima gamma=0.5,2,100,1,91,1,560363.0,3
baseline pairwise maxima gamma=0.5,3,100,1,91,1,551433.0,4
baseline pairwise maxima gamma=0.5,4,100,1,91,1,564201.0,4
baseline pairwise maxima gamma=0.5,5,100,1,91,1,800846.0,4
baseline pairwise maxima gamma=0.5,6,100,1,91,1,564201.0,4
baseline pairwise maxima gamma=0.5,7,100,1,91,1,563969.0,4
baseline pairwise maxima gamma=0.5,8,100,1,91,1,563969.0,4
baseline pairwise maxima gamma=0.5,9,100,1,91,1,560363.0,3
baseline pairwise maxima gamma=0.5,10,100,1,91,1,563969.0,4
baseline pairwise maxima gamma=0.5,11,100,1,91,1,562953.0,4
baseline pairwise maxima gamma=0.5,12,100,1,91,1,560363.0,3
baseline pairwise maxima gamma=0.5,13,100,1,91,1,667533.0,5
baseline pairwise maxima gamma=0.5,14,100,1,91,1,560363.0,3
baseline pairwise maxima gamma=0.5,15,100,1,91,1,560363.0,3
baseline pairwise maxima gamma=0.5,16,100,1,91,1,534466.0,3
baseline pairwise maxima gamma=0.5,17,100,1,91,1,558402.0,4
baseline pairwise maxima gamma=0.5,18,100,1,91,1,560363.0,3
baseline pairwise maxima gamma=0.5,19,100,1,91,1,650607.0,4
baseline pairwise maxima gamma=0.5,20,100,1,91,1,564201.0,4
baseline pairwise maxima gamma=0.5,21,100,1,91,1,741431.0,5
baseline pairwise maxima gamma=0.5,22,100,1,91,1,564201.0,4
baseline pairwise maxima gamma=0.5,23,100,1,91,1,455785.0,4
baseline pairwise maxima gamma=0.5,24,100,1,91,1,560363.0,3
baseline pairwise maxima gamma=0.5,25,100,1,91,1,529201.0,4
baseline pairwise maxima gamma=0.5,26,100,1,91,1,560363.0,3
baseline pairwise maxima gamma=0.5,27,100,1,91,1,678753.0,5
baseline pairwise maxima gamma=0.5,28,100,1,91,1,562953.0,4
baseline pairwise maxima gamma=0.5,29,100,1,91,1,562953.0,4
baseline pairwise maxima gamma=0.5,30,100,1,91,1,560363.0,3
baseline pairwise maxima gamma=0.5,31,100,1,91,1,564201.0,4
baseline pairwise maxima gamma=0.5,32,100,1,91,1,586714.0,4
baseline pairwise maxima gamma=0.5,33,100,1,91,1,782308.0,4
baseline pairwise maxima gamma=0.5,34,100,1,91,1,413152.0,3
baseline pairwise maxima gamma=0.5,35,100,1,91,1,560363.0,3
baseline pairwise maxima gamma=0.5,36,100,1,91,1,564201.0,4
baseline pairwise maxima gamma=0.5,37,100,1,91,1,563969.0,4
baseline pairwise maxima gamma=0.5,38,100,1,91,1,548464.0,3
baseline pairwise maxima gamma=0.5,39,100,1,91,1,564201.0,4
baseline pairwise maxima gamma=0.5,40,100,1,91,1,560363.0,3
baseline pairwise maxima gamma=0.5,41,100,1,91,1,717509.0,4
baseline pairwise maxima gamma=0.5,42,100,1,91,1,560363.0,3
baseline pairwise maxima gamma=0.5,43,100,1,91,1,608553.0,4
baseline pairwise maxima gamma=0.5,44,100,1,91,1,560363.0,3
baseline pairwise maxima gamma=0.5,45,100,1,91,1,560363.0,3
baseline pairwise maxima gamma=0.5,46,100,1,91,1,661146.0,4
baseline pairwise maxima gamma=0.5,47,100,1,91,1,560363.0,3
baseline pairwise maxima gamma=0.5,48,100,1,91,1,624885.0,4
baseline pairwise maxima gamma=0.5,49,100,1,91,1,560363.0,3
baseline pairwise maxima gamma=0.5,50,100,1,91,1,562953.0,4
baseline pairwise maxima gamma=0.5,51,100,1,91,1,564201.0,4
baseline pairwise maxima gamma=0.5,52,100,1,91,1,427644.0,3
baseline pairwise maxima gamma=0.5,53,100,1,91,1,468886.0,4
baseline pairwise maxima gamma=0.5,54,100,1,91,1,511818.0,4
baseline pairwise maxima gamma=0.5,55,100,1,91,1,563969.0,4
baseline pairwise maxima gamma=0.5,56,100,1,91,1,803357.0,4
baseline pairwise maxima gamma=0.5,57,100,1,91,1,560363.0,3
baseline pairwise maxima gamma=0.5,58,100,1,91,1,564201.0,4
baseline pairwise maxima gamma=0.5,59,100,1,91,1,522345.0,3
baseline pairwise maxima gamma=0.5,60,100,1,91,1,560363.0,3
baseline pairwise maxima gamma=0.5,61,100,1,91,1,560363.0,3
baseline pairwise maxima gamma=0.5,62,100,1,91,1,695374.0,4
baseline pairwise maxima gamma=0.5,63,100,1,91,1,602149.0,4
baseline pairwise maxima gamma=0.5,64,100,1,91,1,560363.0,3
baseline pairwise maxima gamma=0.5,65,100,1,91,1,560363.0,3
baseline pairwise maxima gamma=0.5,66,100,1,91,1,562953.0,4
baseline pairwise maxima gamma=0.5,67,100,1,91,1,710361.0,4
baseline pairwise maxima gamma=0.5,68,100,1,91,1,558592.0,3
baseline pairwise maxima gamma=0.5,69,100,1,91,1,563969.0,4
baseline pairwise maxima gamma=0.5,70,100,1,91,1,564121.0,4
baseline pairwise maxima gamma=0.5,71,100,1,91,1,602979.0,4
baseline pairwise maxima gamma=0.5,72,100,1,91,1,724286.0,5
baseline pairwise maxima gamma=0.5,73,100,1,91,1,560363.0,3
baseline pairwise maxima gamma=0.5,74,100,1,91,1,608459.0,4
baseline pairwise maxima gamma=0.5,75,100,1,91,1,563969.0,4
baseline pairwise maxima gamma=0.5,76,100,1,91,1,602170.0,4
baseline pairwise maxima gamma=0.5,77,100,1,91,1,560363.0,3
baseline pairwise maxima gamma=0.5,78,100,1,91,1,649373.0,4
baseline pairwise maxima gamma=0.5,79,100,1,91,1,526449.0,3
baseline pairwise maxima gamma=0.5,80,100,1,91,1,560363.0,3
baseline pairwise maxima gamma=0.5,81,100,1,91,1,633589.0,4
baseline pairwise maxima gamma=0.5,82,100,1,91,1,560363.0,3
baseline pairwise maxima gamma=0.5,83,100,1,91,1,564201.0,4
baseline pairwise maxima gamma=0.5,84,100,1,91,1,560363.0,3
baseline pairwise maxima gamma=0.5,85,100,1,91,1,562953.0,4
baseline pairwise maxima gamma=0.5,86,100,1,91,1,536941.0,4
baseline pairwise maxima gamma=0.5,87,100,1,91,1,560363.0,3
baseline pairwise maxima gamma=0.5,88,100,1,91,1,711331.0,4
baseline pairwise maxima gamma=0.5,89,100,1,91,1,560363.0,3
baseline pairwise maxima gamma=0.5,90,100,1,91,1,510077.0,4
baseline pairwise maxima gamma=0.5,91,100,1,91,1,638905.0,4
baseline pairwise maxima gamma=0.5,92,100,1,91,1,560363.0,3
baseline pairwise maxima gamma=0.5,93,100,1,91,1,564201.0,4
baseline pairwise maxima gamma=0.5,94,100,1,91,1,606482.0,4
baseline pairwise maxima gamma=0.5,95,100,1,91,1,593545.0,4
baseline pairwise maxima gamma=0.5,96,100,1,91,1,560363.0,3
baseline pairwise maxima gamma=0.5,97,100,1,91,1,563969.0,4
baseline pairwise maxima gamma=0.5,98,100,1,91,1,562953.0,4
baseline pairwise maxima gamma=0.5,99,100,1,91,1,562953.0,4
