label,trial,n_trials,seed,selected,correct,shots,rounds,shortfall,miscovered_rounds,best_eliminated,stopped_rho,refits,contexts_used,cz_per_shot_mean,design_seconds,statistics_seconds,allocation_seconds
"II-A data, safe, bound start, anytime",0,200,5,91,1,499023.0,51,0.0,0,False,False,12,980,24.64925063574224,55.623,76.576,59.534
"II-A data, safe, bound start, anytime",1,200,5,91,1,469812.0,50,0.0,0,False,False,13,980,24.633374626446322,68.661,74.523,58.457
"II-A data, safe, bound start, anytime",2,200,5,91,1,431704.0,47,0.0,0,False,False,12,980,24.61911865537498,55.761,71.401,57.841
"II-A data, safe, bound start, anytime",3,200,5,91,1,453704.0,50,0.0,0,False,False,12,980,24.60112981150706,54.979,73.615,57.817
"II-A data, safe, bound start, anytime",4,200,5,91,1,496933.0,51,0.0,0,False,False,12,980,24.549198785349333,54.828,74.837,58.373
"II-A data, safe, bound start, anytime",5,200,5,91,1,450360.0,48,0.0,0,False,False,13,980,24.564972466471268,69.636,73.27,58.741
"II-A data, safe, bound start, anytime",6,200,5,91,1,500916.0,50,0.0,0,False,False,12,980,24.548812575361936,56.304,76.222,58.866
"II-A data, safe, bound start, anytime",7,200,5,91,1,489303.0,51,0.0,0,False,False,12,980,24.6244433408338,54.946,76.109,59.77
"II-A data, safe, bound start, anytime",8,200,5,91,1,472647.0,51,0.0,0,False,False,12,980,24.670661191121493,54.318,75.44,58.651
"II-A data, safe, bound start, anytime",9,200,5,91,1,479717.0,51,0.0,0,False,False,13,980,24.543284895052707,69.723,78.428,60.587
"II-A data, safe, bound start, anytime",10,200,5,91,1,439971.0,50,0.0,0,False,False,12,980,24.62531394114612,56.277,76.598,57.995
"II-A data, safe, bound start, anytime",11,200,5,91,1,518346.0,52,0.0,0,False,False,13,980,24.632396121509572,70.712,78.305,59.958
"II-A data, safe, bound start, anytime",12,200,5,91,1,521712.0,50,0.0,0,False,False,13,980,24.53272111816481,68.796,77.98,60.652
"II-A data, safe, bound start, anytime",13,200,5,91,1,432116.0,50,0.0,0,False,False,12,980,24.588487813457498,55.922,75.864,56.785
"II-A data, safe, bound start, anytime",14,200,5,91,1,441668.0,48,0.0,0,False,False,12,980,24.538386299211172,54.728,70.17,56.454
"II-A data, safe, bound start, anytime",15,200,5,91,1,453803.0,51,0.0,0,False,False,12,980,24.576712802691915,55.753,77.989,59.268
"II-A data, safe, bound start, anytime",16,200,5,91,1,510378.0,50,0.0,0,False,False,13,980,24.5933700120303,67.107,72.969,58.868
"II-A data, safe, bound start, anytime",17,200,5,91,1,470211.0,49,0.0,0,False,False,12,980,24.65040375491003,55.986,75.387,58.002
"II-A data, safe, bound start, anytime",18,200,5,91,1,433272.0,50,0.0,0,False,False,12,980,24.507244871581825,56.205,77.565,57.469
"II-A data, safe, bound start, anytime",19,200,5,91,1,515147.0,52,0.0,0,False,False,13,980,24.5893133416287,65.638,77.053,59.544
"II-A data, safe, bound start, anytime",20,200,5,91,1,426687.0,48,0.0,0,False,False,13,980,24.504226751693864,71.056,74.267,57.532
"II-A data, safe, bound start, anytime",21,200,5,91,1,446643.0,50,0.0,0,False,False,13,980,24.433988666563675,69.136,73.511,57.873
"II-A data, safe, bound start, anytime",22,200,5,91,1,445357.0,49,0.0,0,False,False,12,980,24.549947570151588,54.771,71.837,56.959
"II-A data, safe, bound start, anytime",23,200,5,91,1,506928.0,50,0.0,0,False,False,13,980,24.61494729034498,62.935,80.325,61.858
"II-A data, safe, bound start, anytime",24,200,5,91,1,486705.0,47,0.0,0,False,False,12,980,24.589151539433537,55.664,72.216,58.507
"II-A data, safe, bound start, anytime",25,200,5,91,1,485771.0,50,0.0,0,False,False,12,980,24.5459403710802,57.469,78.227,59.46
"II-A data, safe, bound start, anytime",26,200,5,91,1,486088.0,51,0.0,0,False,False,12,980,24.559088066358356,53.953,74.411,58.409
"II-A data, safe, bound start, anytime",27,200,5,91,1,504395.0,50,0.0,0,False,False,12,980,24.632046312909527,56.263,77.83,60.719
"II-A data, safe, bound start, anytime",28,200,5,91,1,486904.0,51,0.0,0,False,False,13,980,24.584661452770977,69.659,77.846,59.435
"II-A data, safe, bound start, anytime",29,200,5,91,1,470103.0,48,0.0,0,False,False,12,980,24.61313371750446,55.219,72.339,58.131
"II-A data, safe, bound start, anytime",30,200,5,91,1,411423.0,49,0.0,0,False,False,12,980,24.591398633523163,55.498,74.154,55.669
"II-A data, safe, bound start, anytime",31,200,5,91,1,464248.0,51,0.0,0,False,False,12,980,24.665674380934327,56.145,77.118,58.407
"II-A data, safe, bound start, anytime",32,200,5,91,1,481665.0,49,0.0,0,False,False,12,980,24.64050325433652,56.537,74.449,59.944
"II-A data, safe, bound start, anytime",33,200,5,91,1,430521.0,48,0.0,0,False,False,12,980,24.676824127046068,54.142,70.01,56.283
"II-A data, safe, bound start, anytime",34,200,5,91,1,436935.0,50,0.0,0,False,False,12,980,24.540345818027852,56.776,76.689,58.797
"II-A data, safe, bound start, anytime",35,200,5,91,1,498253.0,51,0.0,0,False,False,12,980,24.75482134578216,55.949,78.173,59.15
"II-A data, safe, bound start, anytime",36,200,5,91,1,474413.0,50,0.0,0,False,False,12,980,24.65523921140441,55.147,73.785,58.33
"II-A data, safe, bound start, anytime",37,200,5,91,1,444231.0,50,0.0,0,False,False,12,980,24.52013254365409,55.056,72.725,57.924
"II-A data, safe, bound start, anytime",38,200,5,91,1,492717.0,51,0.0,0,False,False,12,980,24.70674849863106,55.608,77.766,58.567
"II-A data, safe, bound start, anytime",39,200,5,91,1,470184.0,52,0.0,0,False,False,12,980,24.50635921256359,56.396,79.641,60.552
"II-A data, safe, bound start, anytime",40,200,5,91,1,496244.0,49,0.0,0,False,False,12,980,24.6633893810303,55.634,75.377,58.853
"II-A data, safe, bound start, anytime",41,200,5,91,1,508070.0,51,0.0,0,False,False,13,980,24.57539512271931,68.694,75.748,60.216
"II-A data, safe, bound start, anytime",42,200,5,91,1,501326.0,51,0.0,0,False,False,12,980,24.55028265041111,55.072,75.052,59.223
"II-A data, safe, bound start, anytime",43,200,5,91,1,517137.0,51,0.0,0,False,False,13,980,24.558983402850696,69.426,77.317,60.63
"II-A data, safe, bound start, anytime",44,200,5,91,1,464880.0,48,0.0,0,False,False,12,980,24.55920452589916,55.304,72.831,58.085
"II-A data, safe, bound start, anytime",45,200,5,91,1,485632.0,49,0.0,0,False,False,12,980,24.58313290722193,56.923,78.326,58.867
"II-A data, safe, bound start, anytime",46,200,5,91,1,440310.0,51,0.0,0,False,False,12,980,24.50860302968363,56.228,77.556,57.814
"II-A data, safe, bound start, anytime",47,200,5,91,1,433909.0,49,0.0,0,False,False,12,980,24.56694145546647,57.017,78.443,59.367
"II-A data, safe, bound start, anytime",48,200,5,91,1,516767.0,49,0.0,0,False,False,13,980,24.497206671478637,64.716,75.32,60.163
"II-A data, safe, bound start, anytime",49,200,5,91,1,477064.0,50,0.0,0,False,False,12,980,24.64398277799205,56.035,74.862,59.028
"II-A data, safe, bound start, anytime",50,200,5,91,1,486767.0,50,0.0,0,False,False,12,980,24.685738762077133,56.552,76.334,59.325
"II-A data, safe, bound start, anytime",51,200,5,91,1,459149.0,51,0.0,0,False,False,12,980,24.621218820034454,56.325,76.146,59.138
"II-A data, safe, bound start, anytime",52,200,5,91,1,479653.0,50,0.0,0,False,False,12,980,24.601691222613013,55.999,75.389,59.241
"II-A data, safe, bound start, anytime",53,200,5,91,1,526511.0,49,0.0,0,False,False,13,980,24.573199800194107,65.861,74.111,60.569
"II-A data, safe, bound start, anytime",54,200,5,91,1,447721.0,50,0.0,0,False,False,12,980,24.48859222596215,56.741,75.821,58.953
"II-A data, safe, bound start, anytime",55,200,5,91,1,479509.0,49,0.0,0,False,False,12,980,24.529406121678633,55.922,74.64,58.331
"II-A data, safe, bound start, anytime",56,200,5,91,1,469680.0,51,0.0,0,False,False,12,980,24.563072730369612,56.054,76.511,59.085
"II-A data, safe, bound start, anytime",57,200,5,91,1,449250.0,50,0.0,0,False,False,13,980,24.552754590984975,70.428,77.038,58.564
"II-A data, safe, bound start, anytime",58,200,5,91,1,437556.0,50,0.0,0,False,False,13,980,24.539713773779813,70.011,76.261,59.78
"II-A data, safe, bound start, anytime",59,200,5,91,1,476194.0,50,0.0,0,False,False,12,980,24.609680088367345,56.122,76.727,59.908
"II-A data, safe, bound start, anytime",60,200,5,91,1,501365.0,51,0.0,0,False,False,12,980,24.56059756863762,53.344,76.331,58.583
"II-A data, safe, bound start, anytime",61,200,5,91,1,451709.0,46,0.0,0,False,False,13,980,24.422601719248455,62.323,68.709,55.886
"II-A data, safe, bound start, anytime",62,200,5,91,1,467535.0,50,0.0,0,False,False,12,980,24.57413455677115,54.686,75.731,59.733
"II-A data, safe, bound start, anytime",63,200,5,91,1,483808.0,51,0.0,0,False,False,12,980,24.56684469872346,56.87,79.741,60.903
"II-A data, safe, bound start, anytime",64,200,5,91,1,444217.0,49,0.0,0,False,False,12,980,24.5777131447018,54.291,74.134,58.556
"II-A data, safe, bound start, anytime",65,200,5,91,1,484845.0,51,0.0,0,False,False,12,980,24.578009466943044,55.395,76.084,60.212
"II-A data, safe, bound start, anytime",66,200,5,91,1,465751.0,50,0.0,0,False,False,12,980,24.569660612644952,54.159,74.295,58.46
"II-A data, safe, bound start, anytime",67,200,5,91,1,483851.0,50,0.0,0,False,False,12,980,24.6496173408756,54.42,75.087,58.705
"II-A data, safe, bound start, anytime",68,200,5,91,1,506348.0,49,0.0,0,False,False,12,980,24.70119167055069,55.767,73.665,59.172
"II-A data, safe, bound start, anytime",69,200,5,91,1,488979.0,51,0.0,0,False,False,12,980,24.703332862965485,57.432,81.583,62.292
"II-A data, safe, bound start, anytime",70,200,5,91,1,461604.0,52,0.0,0,False,False,13,980,24.49498271245483,69.982,78.201,59.207
"II-A data, safe, bound start, anytime",71,200,5,91,1,457258.0,50,0.0,0,False,False,12,980,24.608750420987715,54.656,75.201,59.019
"II-A data, safe, bound start, anytime",72,200,5,91,1,482393.0,51,0.0,0,False,False,12,980,24.56157945907175,55.056,76.681,59.665
"II-A data, safe, bound start, anytime",73,200,5,91,1,459712.0,49,0.0,0,False,False,12,980,24.605848879298343,54.725,73.831,58.168
"II-A data, safe, bound start, anytime",74,200,5,91,1,441560.0,50,0.0,0,False,False,12,980,24.518115318416523,54.663,75.376,57.806
"II-A data, safe, bound start, anytime",75,200,5,91,1,488494.0,51,0.0,0,False,False,12,980,24.641184948023927,55.73,78.275,60.305
"II-A data, safe, bound start, anytime",76,200,5,91,1,481086.0,51,0.0,0,False,False,12,980,24.594527797524766,56.005,77.928,60.073
"II-A data, safe, bound start, anytime",77,200,5,91,1,437093.0,48,0.0,0,False,False,12,980,24.502359909675974,54.81,71.882,57.581
"II-A data, safe, bound start, anytime",78,200,5,91,1,503623.0,49,0.0,0,False,False,13,980,24.563054109919523,68.926,73.992,59.46
"II-A data, safe, bound start, anytime",79,200,5,91,1,437685.0,49,0.0,0,False,False,12,980,24.571150484937796,57.131,75.376,59.501
"II-A data, safe, bound start, anytime",80,200,5,91,1,484472.0,50,0.0,0,False,False,12,980,24.640602552882314,55.307,75.71,60.013
"II-A data, safe, bound start, anytime",81,200,5,91,1,476679.0,51,0.0,0,False,False,12,980,24.69140868383126,54.146,76.602,59.263
"II-A data, safe, bound start, anytime",82,200,5,91,1,448613.0,50,0.0,0,False,False,12,980,24.561403704306386,55.193,75.53,60.089
"II-A data, safe, bound start, anytime",83,200,5,91,1,456626.0,49,0.0,0,False,False,12,980,24.616377516829967,56.927,75.053,59.732
"II-A data, safe, bound start, anytime",84,200,5,91,1,478098.0,49,0.0,0,False,False,12,980,24.52991646064196,56.146,75.432,59.665
"II-A data, safe, bound start, anytime",85,200,5,91,1,438899.0,49,0.0,0,False,False,12,980,24.59827887509427,56.056,74.515,58.395
"II-A data, safe, bound start, anytime",86,200,5,91,1,480097.0,50,0.0,0,False,False,12,980,24.573786130719416,56.82,77.941,61.192
"II-A data, safe, bound start, anytime",87,200,5,91,1,481286.0,51,0.0,0,False,False,12,980,24.641375398411757,56.522,78.179,60.727
"II-A data, safe, bound start, anytime",88,200,5,91,1,467888.0,52,0.0,0,False,False,13,980,24.56252992169066,70.187,78.726,60.957
"II-A data, safe, bound start, anytime",89,200,5,91,1,493950.0,51,0.0,0,False,False,12,980,24.603316125113878,54.687,76.477,59.019
"II-A data, safe, bound start, anytime",90,200,5,91,1,511494.0,53,0.0,0,False,False,13,980,24.570082933524148,67.602,79.246,60.874
"II-A data, safe, bound start, anytime",91,200,5,91,1,452041.0,50,0.0,0,False,False,12,980,24.539601496324448,55.52,75.083,58.741
"II-A data, safe, bound start, anytime",92,200,5,91,1,506363.0,50,0.0,0,False,False,13,980,24.57779498107089,60.31,74.907,59.61
"II-A data, safe, bound start, anytime",93,200,5,91,1,401387.0,46,0.0,0,False,False,12,980,24.620493439000267,55.807,71.118,57.095
"II-A data, safe, bound start, anytime",94,200,5,91,1,475505.0,52,0.0,0,False,False,12,980,24.519462466220123,56.393,78.914,59.623
"II-A data, safe, bound start, anytime",95,200,5,91,1,432230.0,48,0.0,0,False,False,12,980,24.59421604238484,55.554,73.008,57.927
"II-A data, safe, bound start, anytime",96,200,5,91,1,450370.0,49,0.0,0,False,False,12,980,24.57885738392877,56.149,75.913,60.668
"II-A data, safe, bound start, anytime",97,200,5,91,1,439433.0,50,0.0,0,False,False,12,980,24.531109406894792,55.714,76.588,59.081
"II-A data, safe, bound start, anytime",98,200,5,91,1,485199.0,49,0.0,0,False,False,12,980,24.511175826825696,55.533,76.156,59.629
"II-A data, safe, bound start, anytime",99,200,5,91,1,437189.0,48,0.0,0,False,False,12,980,24.59688601497293,56.59,75.873,59.868
"II-A data, safe, bound start, anytime",100,200,5,91,1,479288.0,47,0.0,0,False,False,12,980,24.48962001969588,57.334,75.615,60.627
"II-A data, safe, bound start, anytime",101,200,5,91,1,473998.0,50,0.0,0,False,False,12,980,24.574677530284937,56.092,77.392,59.993
"II-A data, safe, bound start, anytime",102,200,5,91,1,430443.0,48,0.0,0,False,False,12,980,24.59429006860374,57.069,74.408,59.784
"II-A data, safe, bound start, anytime",103,200,5,91,1,492536.0,51,0.0,0,False,False,12,980,24.664972712654507,53.784,75.222,58.642
"II-A data, safe, bound start, anytime",104,200,5,91,1,508812.0,51,0.0,0,False,False,13,980,24.844706885843888,64.004,78.208,61.636
"II-A data, safe, bound start, anytime",105,200,5,91,1,467798.0,50,0.0,0,False,False,12,980,24.516765783521947,54.434,75.294,58.906
"II-A data, safe, bound start, anytime",106,200,5,91,1,486064.0,50,0.0,0,False,False,12,980,24.546520622798642,56.099,77.473,61.146
"II-A data, safe, bound start, anytime",107,200,5,91,1,467518.0,49,0.0,0,False,False,12,980,24.517890220269592,55.004,73.884,58.857
"II-A data, safe, bound start, anytime",108,200,5,91,1,469885.0,52,0.0,0,False,False,12,980,24.537129297594092,54.504,77.511,59.577
"II-A data, safe, bound start, anytime",109,200,5,91,1,506727.0,51,0.0,0,False,False,13,980,24.48497711785636,68.194,77.052,60.551
"II-A data, safe, bound start, anytime",110,200,5,91,1,446154.0,49,0.0,0,False,False,12,980,24.508028617921166,54.602,73.704,58.898
"II-A data, safe, bound start, anytime",111,200,5,91,1,451173.0,49,0.0,0,False,False,13,980,24.49947802727557,68.391,74.097,59.063
"II-A data, safe, bound start, anytime",112,200,5,91,1,465080.0,50,0.0,0,False,False,12,980,24.57678678936957,56.527,77.441,60.661
"II-A data, safe, bound start, anytime",113,200,5,91,1,490592.0,51,0.0,0,False,False,13,980,24.380931609157916,69.876,77.727,59.453
"II-A data, safe, bound start, anytime",114,200,5,91,1,524691.0,51,0.0,0,False,False,13,980,24.637786811666295,68.879,75.964,60.281
"II-A data, safe, bound start, anytime",115,200,5,91,1,439449.0,49,0.0,0,False,False,12,980,24.56762900814429,54.375,73.047,57.144
"II-A data, safe, bound start, anytime",116,200,5,91,1,472118.0,49,0.0,0,False,False,12,980,24.535211536099027,56.039,76.21,59.562
"II-A data, safe, bound start, anytime",117,200,5,91,1,483326.0,53,0.0,0,False,False,13,980,24.535574332851947,70.78,81.945,62.07
"II-A data, safe, bound start, anytime",118,200,5,91,1,479802.0,51,0.0,0,False,False,13,980,24.39807670664149,69.365,78.878,60.538
"II-A data, safe, bound start, anytime",119,200,5,91,1,442223.0,50,0.0,0,False,False,12,980,24.532050571770352,54.839,74.603,57.989
"II-A data, safe, bound start, anytime",120,200,5,91,1,497764.0,50,0.0,0,False,False,12,980,24.604081452254484,51.368,71.487,56.053
"II-A data, safe, bound start, anytime",121,200,5,91,1,469826.0,51,0.0,0,False,False,12,980,24.5973658333085,52.08,73.049,56.559
"II-A data, safe, bound start, anytime",122,200,5,91,1,443633.0,47,0.0,0,False,False,12,980,24.602761742250916,51.567,67.598,55.918
"II-A data, safe, bound start, anytime",123,200,5,91,1,484654.0,49,0.0,0,False,False,12,980,24.59243295216794,52.293,70.719,56.662
"II-A data, safe, bound start, anytime",124,200,5,91,1,475929.0,48,0.0,0,False,False,13,980,24.54661724753062,67.026,70.929,58.197
"II-A data, safe, bound start, anytime",125,200,5,91,1,445953.0,48,0.0,0,False,False,12,980,24.590811139290462,52.009,68.806,54.525
"II-A data, safe, bound start, anytime",126,200,5,91,1,473605.0,48,0.0,0,False,False,12,980,24.588165243187888,52.096,68.971,55.583
"II-A data, safe, bound start, anytime",127,200,5,91,1,486577.0,48,0.0,0,False,False,12,980,24.595554249378825,52.498,69.635,56.698
"II-A data, safe, bound start, anytime",128,200,5,91,1,521578.0,50,0.0,0,False,False,13,980,24.533132148978677,59.87,69.615,56.215
"II-A data, safe, bound start, anytime",129,200,5,91,1,487065.0,49,0.0,0,False,False,12,980,24.573923398314392,52.359,71.555,57.629
"II-A data, safe, bound start, anytime",130,200,5,91,1,515854.0,53,0.0,0,False,False,13,980,24.70551745261256,65.083,75.83,58.3
"II-A data, safe, bound start, anytime",131,200,5,91,1,472851.0,49,0.0,0,False,False,12,980,24.518717312641826,52.019,70.81,56.655
"II-A data, safe, bound start, anytime",132,200,5,91,1,412672.0,49,0.0,0,False,False,12,980,24.453032917183624,52.182,69.911,54.909
"II-A data, safe, bound start, anytime",133,200,5,91,1,485937.0,50,0.0,0,False,False,12,980,24.6735667380751,53.423,73.395,57.767
"II-A data, safe, bound start, anytime",134,200,5,91,1,484140.0,51,0.0,0,False,False,13,980,24.55542405089437,66.726,73.993,58.019
"II-A data, safe, bound start, anytime",135,200,5,91,1,462390.0,49,0.0,0,False,False,12,980,24.446746253162914,52.756,71.96,55.221
"II-A data, safe, bound start, anytime",136,200,5,91,1,471010.0,48,0.0,0,False,False,12,980,24.530364535784802,52.463,69.497,56.345
"II-A data, safe, bound start, anytime",137,200,5,91,1,466939.0,52,0.0,0,False,False,13,980,24.591473404448976,67.749,74.318,58.054
"II-A data, safe, bound start, anytime",138,200,5,91,1,458693.0,48,0.0,0,False,False,13,980,24.57076519589355,67.179,70.166,58.279
"II-A data, safe, bound start, anytime",139,200,5,91,1,492832.0,50,0.0,0,False,False,12,980,24.573858840335042,52.679,72.318,57.677
"II-A data, safe, bound start, anytime",140,200,5,91,1,444121.0,50,0.0,0,False,False,12,980,24.50434003345935,51.982,70.985,55.683
"II-A data, safe, bound start, anytime",141,200,5,91,1,475244.0,51,0.0,0,False,False,12,980,24.637958606526333,53.961,73.525,57.787
"II-A data, safe, bound start, anytime",142,200,5,91,1,493132.0,51,0.0,0,False,False,12,980,24.632536521661542,52.984,74.018,57.626
"II-A data, safe, bound start, anytime",143,200,5,91,1,469571.0,51,0.0,0,False,False,12,980,24.53892808542265,53.864,75.741,58.142
"II-A data, safe, bound start, anytime",144,200,5,91,1,460014.0,51,0.0,0,False,False,12,980,24.54550078910642,53.737,73.115,57.119
"II-A data, safe, bound start, anytime",145,200,5,91,1,502199.0,50,0.0,0,False,False,12,980,24.59848386794876,52.984,73.442,57.533
"II-A data, safe, bound start, anytime",146,200,5,91,1,492078.0,51,0.0,0,False,False,12,980,24.68988656269941,51.867,72.289,56.508
"II-A data, safe, bound start, anytime",147,200,5,91,1,451363.0,49,0.0,0,False,False,12,980,24.561871487029286,52.828,70.648,56.238
"II-A data, safe, bound start, anytime",148,200,5,91,1,490077.0,53,0.0,0,False,False,13,980,24.6035867833014,67.837,77.88,59.162
"II-A data, safe, bound start, anytime",149,200,5,91,1,469890.0,51,0.0,0,False,False,12,980,24.586735193343124,52.974,73.409,57.572
"II-A data, safe, bound start, anytime",150,200,5,91,1,483776.0,48,0.0,0,False,False,13,980,24.574629580632358,65.943,69.001,56.444
"II-A data, safe, bound start, anytime",151,200,5,91,1,464033.0,47,0.0,0,False,False,12,980,24.597494143735467,51.725,67.456,55.046
"II-A data, safe, bound start, anytime",152,200,5,91,1,535732.0,52,0.0,0,False,False,13,980,24.64821403238933,64.97,73.979,58.983
"II-A data, safe, bound start, anytime",153,200,5,91,1,440686.0,48,0.0,0,False,False,13,980,24.6159215405073,67.463,70.463,56.277
"II-A data, safe, bound start, anytime",154,200,5,91,1,487224.0,51,0.0,0,False,False,12,980,24.5489610528217,52.913,73.739,57.174
"II-A data, safe, bound start, anytime",155,200,5,91,1,489858.0,49,0.0,0,False,False,12,980,24.564275769712857,53.553,72.198,57.408
"II-A data, safe, bound start, anytime",156,200,5,91,1,426888.0,48,0.0,0,False,False,13,980,24.473320871048145,67.535,70.506,55.928
"II-A data, safe, bound start, anytime",157,200,5,91,1,498402.0,51,0.0,0,False,False,12,980,24.574498095914542,53.803,73.345,58.457
"II-A data, safe, bound start, anytime",158,200,5,91,1,488046.0,50,0.0,0,False,False,12,980,24.68473463566959,53.297,73.081,57.622
"II-A data, safe, bound start, anytime",159,200,5,91,1,455426.0,53,0.0,0,False,False,12,980,24.52830317109695,53.764,77.199,57.679
"II-A data, safe, bound start, anytime",160,200,5,91,1,497865.0,49,0.0,0,False,False,12,980,24.682150783847028,52.179,71.055,57.211
"II-A data, safe, bound start, anytime",161,200,5,91,1,532732.0,52,0.0,0,False,False,13,980,24.554137915499727,65.474,75.813,58.642
"II-A data, safe, bound start, anytime",162,200,5,91,1,539627.0,52,0.0,0,False,False,13,980,24.693569817670355,65.104,72.699,58.255
"II-A data, safe, bound start, anytime",163,200,5,91,1,445891.0,51,0.0,0,False,False,12,980,24.58002067769926,51.618,71.252,55.493
"II-A data, safe, bound start, anytime",164,200,5,91,1,455845.0,49,0.0,0,False,False,12,980,24.42376465684608,51.781,69.482,54.791
"II-A data, safe, bound start, anytime",165,200,5,91,1,451273.0,51,0.0,0,False,False,13,980,24.51419872228119,66.385,74.241,57.874
"II-A data, safe, bound start, anytime",166,200,5,91,1,475246.0,51,0.0,0,False,False,12,980,24.568099468485794,51.384,72.194,56.43
"II-A data, safe, bound start, anytime",167,200,5,91,1,475236.0,50,0.0,0,False,False,12,980,24.5826157950997,52.64,72.464,57.129
"II-A data, safe, bound start, anytime",168,200,5,91,1,448102.0,47,0.0,0,False,False,12,980,24.45970337110747,52.377,68.163,54.74
"II-A data, safe, bound start, anytime",169,200,5,91,1,412591.0,49,0.0,0,False,False,12,980,24.513438247562355,51.143,70.357,54.356
"II-A data, safe, bound start, anytime",170,200,5,91,1,557848.0,53,0.0,0,False,False,13,980,24.587624227388105,66.256,75.624,59.052
"II-A data, safe, bound start, anytime",171,200,5,91,1,476609.0,48,0.0,0,False,False,12,980,24.626475790427794,53.54,71.08,57.97
"II-A data, safe, bound start, anytime",172,200,5,91,1,444030.0,51,0.0,0,False,False,12,980,24.603556066031576,51.956,72.475,56.41
"II-A data, safe, bound start, anytime",173,200,5,91,1,502492.0,48,0.0,0,False,False,12,980,24.620941228915086,52.529,69.255,56.551
"II-A data, safe, bound start, anytime",174,200,5,91,1,477232.0,52,0.0,0,False,False,12,980,24.51808344788279,52.335,74.092,57.061
"II-A data, safe, bound start, anytime",175,200,5,91,1,454255.0,49,0.0,0,False,False,12,980,24.48696216882588,51.634,70.044,55.893
"II-A data, safe, bound start, anytime",176,200,5,91,1,469979.0,48,0.0,0,False,False,12,980,24.51896999653176,51.245,67.82,54.962
"II-A data, safe, bound start, anytime",177,200,5,91,1,464603.0,49,0.0,0,False,False,12,980,24.492999399487303,52.526,71.335,56.822
"II-A data, safe, bound start, anytime",178,200,5,91,1,471429.0,50,0.0,0,False,False,12,980,24.599963090942644,52.484,72.455,57.564
"II-A data, safe, bound start, anytime",179,200,5,91,1,495518.0,50,0.0,0,False,False,12,980,24.60257548666244,52.049,71.899,57.164
"II-A data, safe, bound start, anytime",180,200,5,91,1,474983.0,49,0.0,0,False,False,12,980,24.58710732805174,48.419,65.564,52.779
"II-A data, safe, bound start, anytime",181,200,5,91,1,475742.0,50,0.0,0,False,False,12,980,24.53866381357963,48.214,65.832,51.807
"II-A data, safe, bound start, anytime",182,200,5,91,1,449171.0,48,0.0,0,False,False,12,980,24.630120822582047,49.073,64.889,51.957
"II-A data, safe, bound start, anytime",183,200,5,91,1,422402.0,50,0.0,0,False,False,12,980,24.438918376333444,48.453,65.573,50.643
"II-A data, safe, bound start, anytime",184,200,5,91,1,462415.0,49,0.0,0,False,False,12,980,24.613535460571132,48.594,65.149,51.398
"II-A data, safe, bound start, anytime",185,200,5,91,1,501458.0,49,0.0,0,False,False,12,980,24.539674309712876,48.926,65.911,53.016
"II-A data, safe, bound start, anytime",186,200,5,91,1,472887.0,50,0.0,0,False,False,12,980,24.561869960476816,48.486,65.688,51.597
"II-A data, safe, bound start, anytime",187,200,5,91,1,480555.0,51,0.0,0,False,False,12,980,24.657160990937562,48.665,67.786,52.968
"II-A data, safe, bound start, anytime",188,200,5,91,1,455285.0,51,0.0,0,False,False,13,980,24.469782663606313,63.097,68.54,53.075
"II-A data, safe, bound start, anytime",189,200,5,91,1,502068.0,51,0.0,0,False,False,13,980,24.596604444019537,62.497,68.989,55.165
"II-A data, safe, bound start, anytime",190,200,5,91,1,463694.0,51,0.0,0,False,False,12,980,24.549334259231305,48.198,67.366,52.389
"II-A data, safe, bound start, anytime",191,200,5,91,1,483109.0,48,0.0,0,False,False,13,980,24.69177970188922,62.735,66.205,53.158
"II-A data, safe, bound start, anytime",192,200,5,91,1,517788.0,52,0.0,0,False,False,13,980,24.60808284471637,59.778,67.954,53.447
"II-A data, safe, bound start, anytime",193,200,5,91,1,471243.0,51,0.0,0,False,False,12,980,24.711755930592073,49.113,67.574,52.65
"II-A data, safe, bound start, anytime",194,200,5,91,1,427435.0,49,0.0,0,False,False,12,980,24.57219460268813,49.339,65.338,51.551
"II-A data, safe, bound start, anytime",195,200,5,91,1,473026.0,47,0.0,0,False,False,12,980,24.640981679653972,49.907,65.835,52.871
"II-A data, safe, bound start, anytime",196,200,5,91,1,483332.0,48,0.0,0,False,False,12,980,24.597804407736298,49.127,64.446,51.793
"II-A data, safe, bound start, anytime",197,200,5,91,1,473433.0,51,0.0,0,False,False,12,980,24.50266880424474,49.756,68.706,52.987
"II-A data, safe, bound start, anytime",198,200,5,91,1,433053.0,48,0.0,0,False,False,13,980,24.546023235031278,54.891,62.196,50.092
"II-A data, safe, bound start, anytime",199,200,5,91,1,459324.0,49,0.0,0,False,False,12,980,24.522785658924853,49.641,65.535,52.195
