case_id,strategy,level,coordinates,splittable_paulis,auxiliary_coordinates,build_seconds,static_solve_seconds,static_outer_iterations,abs_residual_A_minus_BC,m1,m3_bound_static_maxima,m3_bound_static_topup,m3_actual_static,winner_recon_variance,binding_generator,binding_recon_variance,gain_m1,gain_m3_bound_static_maxima,gain_m3_bound_static_topup,gain_m3_actual_static,gate_pass,part1_m1,part1_m2,part1_m3_bound,part1_m3_actual,m3_bound_redesign_maxima,redesign_maxima_seconds,m3_bound_redesign_topup,redesign_topup_seconds,gain_m3_bound_redesign_maxima,gain_m3_bound_redesign_topup
H4_square_eq_side1p0_HF,mass,II-0,4148,0,0,0.1,0.0,0,0.0,2244861.6737728305,566950.2871897363,566533.5624175046,569020.1288810121,0.44727352165724527,"D 0,1 -> 4,7",2.7134333001129805,-2.220446049250313e-16,2.220446049250313e-16,0.0007350287699779967,0.0,False,2244861.67377283,854629.0,566950.2871897364,569020.1288810121,,,,,,
H4_square_eq_side1p0_HF,mass,II-A,8001,2546,0,0.1,9.0,29,1.1102230246251565e-16,719905.1135852603,358865.47647517116,351941.72785064107,352830.48818022414,0.4682388193747509,"D 1,2 -> 6,7",1.0501500661007719,0.6793098113812284,0.36702479109059394,0.3792370586931906,0.37993320399039066,True,2244861.67377283,854629.0,566950.2871897364,569020.1288810121,282119.6161965819,45.4,241899.4900261246,86.6,0.5023909105064668,0.5733320972017248
H4_square_eq_side1p0_HF,mass,II-B,20844,7709,12843,0.3,25.9,21,1.1102230246251565e-16,671126.7051146504,343890.52989942755,338006.68820664496,339201.66854182835,0.5155504800371822,"D 1,2 -> 6,7",1.1371626056654975,0.7010387263698434,0.3934379474362262,0.40381600319477895,0.40388458803931193,True,2244861.67377283,854629.0,566950.2871897364,569020.1288810121,278192.93346085155,110.2,239617.21384007833,225.5,0.5093168841314104,0.5773576286065312
H4_square_eq_side1p0_HF,canonical,II-0,4148,0,0,0.1,0.0,0,0.0,2244861.6737728305,566950.2871897363,566533.5624175046,569020.1288810121,0.44727352165724527,"D 0,1 -> 4,7",2.7134333001129805,-2.220446049250313e-16,2.220446049250313e-16,0.0007350287699779967,0.0,False,2244861.67377283,854629.0,566950.2871897364,569020.1288810121,,,,,,
H4_square_eq_side1p0_HF,canonical,II-A,7724,2483,0,0.1,7.3,21,5.551115123125783e-17,780959.9155499587,382898.2327708985,369745.9545556436,375423.98210889375,0.6102428612165532,"D 0,1 -> 4,7",2.51386247447598,0.6521122327161311,0.32463526093469064,0.3478335527645585,0.3402272379236012,True,2244861.67377283,854629.0,566950.2871897364,569020.1288810121,311085.11288590357,45.2,293700.8280574949,70.5,0.451300899011988,0.4819637017677274
H4_square_eq_side1p0_HF,canonical,II-B,19693,7322,11969,0.3,20.7,23,5.551115123125783e-17,690112.4735410879,369189.7822752859,356615.4477811668,358076.989653177,0.6167516581718422,"D 0,1 -> 4,7",2.5557643081118124,0.6925812928236021,0.3488145422673852,0.3709934436247646,0.3707129651857105,True,2244861.67377283,854629.0,566950.2871897364,569020.1288810121,318756.1908907155,86.7,290325.9793251659,97.5,0.43777047460240526,0.48791633784285393
H4_square_eq_side1p0_CISD,mass,II-0,4148,0,0,0.1,0.0,0,0.0,59641.22480423111,53751.898507047874,49326.757245291345,49729.247363015835,1.7410977021363152,"D 0,1 -> 6,7",1.7410977021363152,-4.440892098500626e-16,2.220446049250313e-16,0.0823253017040193,5.551115123125783e-16,False,59641.22480423109,102806.0,53751.89850704789,49729.247363015864,,,,,,
H4_square_eq_side1p0_CISD,mass,II-A,8001,2546,0,0.1,7.1,24,5.551115123125783e-17,25497.351484021598,24651.767382859798,23589.148268127115,23101.60428083368,0.9468847924315529,"D 0,1 -> 6,7",0.9468847924315529,0.5724877956863696,0.541378666287899,0.5611476259757758,0.535452364436656,True,59641.22480423109,102806.0,53751.89850704789,49729.247363015864,31447.43380572657,144.6,23092.92142888133,116.8,0.41495212859126795,0.5703794271405425
H4_square_eq_side1p0_CISD,mass,II-B,21243,7709,13242,0.3,30.2,26,5.551115123125783e-17,23937.28441766691,23089.82075552599,22273.513841340162,22036.703636499657,0.9097904718542522,"D 0,1 -> 6,7",0.9097904718542522,0.5986453246686385,0.5704371120491962,0.5856236810236631,0.5568663351038654,True,59641.22480423109,102806.0,53751.89850704789,49729.247363015864,29340.117321903414,262.2,21827.874809343048,215.5,0.45415663191772904,0.5939143469233743
H4_square_eq_side1p0_CISD,canonical,II-0,4148,0,0,0.1,0.0,0,0.0,59641.22480423111,53751.898507047874,49326.757245291345,49729.247363015835,1.7410977021363152,"D 0,1 -> 6,7",1.7410977021363152,-4.440892098500626e-16,2.220446049250313e-16,0.0823253017040193,5.551115123125783e-16,False,59641.22480423109,102806.0,53751.89850704789,49729.247363015864,,,,,,
H4_square_eq_side1p0_CISD,canonical,II-A,7724,2483,0,0.1,15.2,50,5.551115123125783e-17,30795.93261959471,29926.223014670566,27129.816622628325,27744.872363938026,1.469490524649095,"D 0,1 -> 6,7",1.469490524649095,0.483646878133697,0.4432527250968322,0.49527705297569924,0.4420813940455458,True,59641.22480423109,102806.0,53751.89850704789,49729.247363015864,34215.74998004109,121.7,26776.935868587778,89.5,0.36345039095587006,0.5018420444242204
H4_square_eq_side1p0_CISD,canonical,II-B,20346,7322,12622,0.2,20.3,21,5.551115123125783e-17,28426.918174204275,27599.156939828452,25236.677277167146,25555.31950725638,1.659641333363498,"D 0,1 -> 6,7",1.659641333363498,0.5233679679196058,0.48654544850709447,0.5304970060944333,0.4861108731305247,True,59641.22480423109,102806.0,53751.89850704789,49729.247363015864,32045.00411946408,323.4,24981.489193533867,252.3,0.4038349340300533,0.5352445236839714
H4_square_stretch_side2p0_HF,mass,II-0,4148,0,0,0.1,0.0,0,0.0,598101.8400834345,220388.30554388,220310.83574440327,228733.11115071404,0.06665558761223536,"D 0,1 -> 4,7",0.21768999423717286,-2.220446049250313e-16,1.1102230246251565e-16,0.000351515019300086,0.0,False,598101.8400834344,422746.0,220388.30554388004,228733.11115071404,,,,,,
H4_square_stretch_side2p0_HF,mass,II-A,8068,2629,0,0.1,6.7,21,1.3877787807814457e-17,240381.12518616108,127470.33634793926,127431.77966179504,136684.77480543623,0.05898824796358254,S 2 -> 6,0.08050381157873984,0.5980933194376592,0.42161025271570274,0.42178520159082145,0.40242681036514405,True,598101.8400834344,422746.0,220388.30554388004,228733.11115071404,90476.86423565622,48.4,89778.63077987732,125.6,0.5894661288294084,0.5926343253181277
H4_square_stretch_side2p0_HF,mass,II-B,20488,7693,12420,0.2,25.0,21,1.3877787807814457e-17,162830.04255067545,111606.27144801372,111580.53402723868,113507.45027390834,0.0894926660110055,"D 0,1 -> 6,7",0.1085866528569249,0.7277553225250721,0.4935925879887826,0.4937093701415902,0.5037559288951508,True,598101.8400834344,422746.0,220388.30554388004,228733.11115071404,89404.25079131077,142.3,88596.80134561029,221.7,0.5943330542395313,0.5979968123672952
H4_square_stretch_side2p0_HF,canonical,II-0,4148,0,0,0.1,0.0,0,0.0,598101.8400834345,220388.30554388,220310.83574440327,228733.11115071404,0.06665558761223536,"D 0,1 -> 4,7",0.21768999423717286,-2.220446049250313e-16,1.1102230246251565e-16,0.000351515019300086,0.0,False,598101.8400834344,422746.0,220388.30554388004,228733.11115071404,,,,,,
H4_square_stretch_side2p0_HF,canonical,II-A,7724,2483,0,0.1,5.9,21,2.7755575615628914e-17,263473.38844187174,150010.00464112917,149047.85281103652,157122.9597424729,0.05836925096960433,"D 0,1 -> 6,7",0.10063994040908557,0.5594840697946731,0.3193377286016581,0.3237034404197976,0.3130729567222851,True,598101.8400834344,422746.0,220388.30554388004,228733.11115071404,93382.84062387113,33.8,92049.27033345166,39.8,0.5762804183578684,0.5823314213234225
H4_square_stretch_side2p0_HF,canonical,II-B,19694,7322,11970,0.2,20.9,23,1.3877787807814457e-17,167208.01256385347,119817.66614536179,119130.96001963764,123327.77298255968,0.06632884776450823,"D 0,1 -> 6,7",0.10171534518060685,0.7204355490019423,0.4563338292852127,0.45944972113813787,0.4608223865704426,True,598101.8400834344,422746.0,220388.30554388004,228733.11115071404,92014.39730262946,78.2,90942.14434356664,122.2,0.5824896558120273,0.5873549455397045
H4_square_stretch_side2p0_CISD,mass,II-0,4148,0,0,0.1,0.0,0,0.0,58067.34988043239,33385.23158035403,31528.47142933722,31552.71141856944,0.121668660957526,S 1 -> 7,0.14405287940884004,-2.220446049250313e-16,2.220446049250313e-16,0.055616213011667526,3.3306690738754696e-16,False,58067.34988043238,86857.0,33385.23158035404,31552.71141856945,,,,,,
H4_square_stretch_side2p0_CISD,mass,II-A,8071,2625,0,0.0,4.8,21,1.3877787807814457e-17,28023.267259331176,18593.9358827418,18145.12297666443,17978.354528226744,0.06311942746650158,S 0 -> 6,0.08372518530354434,0.517400616404323,0.44304906683098655,0.4564925232586329,0.4302120572228828,True,58067.34988043238,86857.0,33385.23158035404,31552.71141856945,17859.610730428623,45.9,15753.970806841253,46.7,0.4650445755500364,0.5281155750283345
H4_square_stretch_side2p0_CISD,mass,II-B,21126,7700,13055,0.2,19.8,28,1.3877787807814457e-17,22965.67913534047,16275.502134339715,16007.962153770346,15868.788695938347,0.06585471334156058,S 0 -> 6,0.07234826989637208,0.6044992722652308,0.5124939572407448,0.5205076797133726,0.4970705215971004,True,58067.34988043238,86857.0,33385.23158035404,31552.71141856945,15232.99945763708,115.0,13578.551039326,131.0,0.5437204195821386,0.5932767155847297
H4_square_stretch_side2p0_CISD,canonical,II-0,4148,0,0,0.1,0.0,0,0.0,58067.34988043239,33385.23158035403,31528.47142933722,31552.71141856944,0.121668660957526,S 1 -> 7,0.14405287940884004,-2.220446049250313e-16,2.220446049250313e-16,0.055616213011667526,3.3306690738754696e-16,False,58067.34988043238,86857.0,33385.23158035404,31552.71141856945,,,,,,
H4_square_stretch_side2p0_CISD,canonical,II-A,7724,2483,0,0.1,5.9,31,6.938893903907228e-18,29168.70789429059,18493.302315875935,18034.234128584067,18040.615865259406,0.06915827590667581,S 0 -> 6,0.09557999823948056,0.49767454594789584,0.4460633807087757,0.4598140173094819,0.428238808832064,True,58067.34988043238,86857.0,33385.23158035404,31552.71141856945,18056.825864198952,29.5,15605.298256198761,45.5,0.45913731882498854,0.5325688180823674
H4_square_stretch_side2p0_CISD,canonical,II-B,20355,7322,12631,0.1,16.0,25,1.3877787807814457e-17,24778.048162667576,16444.99118942173,16189.040122057882,16190.581837137397,0.07478947990316545,S 0 -> 6,0.0828149815805797,0.5732877733582031,0.5074171898481306,0.5150837853829797,0.4868719324194468,True,58067.34988043238,86857.0,33385.23158035404,31552.71141856945,15638.206971511398,121.5,13415.462534309956,133.1,0.5315830913476756,0.5981617649702196
