label,trial,n_trials,seed,selected,correct,shots,rounds,designs_kept_last_refit,shortfall,miscovered_rounds,best_eliminated,stopped_rho,refits,contexts_used,cz_per_shot_mean,design_seconds,statistics_seconds,allocation_seconds
II-0 estimated,0,100,2,19,1,31751.0,18,0,0.0,0,False,False,0,53,8.771566249881893,0.0,0.896,1.19
II-0 estimated,1,100,2,19,1,33087.0,19,0,0.0,0,False,False,0,53,8.844138181158764,0.0,0.905,1.235
II-0 estimated,2,100,2,19,1,35943.0,20,0,0.0,0,False,False,0,53,9.134657652394068,0.0,0.84,0.747
II-0 estimated,3,100,2,19,1,50985.0,22,0,0.0,0,False,False,0,53,8.554300284397371,0.0,1.179,1.273
II-0 estimated,4,100,2,19,1,23114.0,16,0,0.0,0,False,False,0,53,8.99593320065761,0.0,0.768,0.892
II-0 estimated,5,100,2,19,1,21851.0,16,0,0.0,0,False,False,0,53,8.763260262688206,0.0,0.961,1.201
II-0 estimated,6,100,2,19,1,21615.0,15,0,0.0,0,False,False,0,53,8.759657645153828,0.0,0.716,0.976
II-0 estimated,7,100,2,19,1,24600.0,17,0,0.0,0,False,False,0,53,8.78211382113821,0.0,0.813,0.908
II-0 estimated,8,100,2,19,1,24064.0,18,0,0.0,0,False,False,0,53,8.437209109042554,0.0,0.757,0.719
II-0 estimated,9,100,2,19,1,33609.0,17,0,0.0,5,False,False,0,53,8.923770418637865,0.0,0.899,1.215
II-0 estimated,10,100,2,19,1,22626.0,16,0,0.0,0,False,False,0,53,8.782153274993371,0.0,0.697,1.057
II-0 estimated,11,100,2,19,1,13042.0,14,0,0.0,2,False,False,0,53,9.14844349026223,0.0,0.563,0.703
II-0 estimated,12,100,2,19,1,21410.0,17,0,0.0,0,False,False,0,53,9.209341429238673,0.0,0.905,1.061
II-0 estimated,13,100,2,19,1,29098.0,18,0,0.0,0,False,False,0,53,8.8722248951818,0.0,1.126,1.327
II-0 estimated,14,100,2,19,1,27374.0,19,0,0.0,0,False,False,0,53,9.528896032731788,0.0,0.925,0.548
II-0 estimated,15,100,2,19,1,19765.0,15,0,0.0,0,False,False,0,53,8.736756893498608,0.0,1.006,1.673
II-0 estimated,16,100,2,19,1,23536.0,15,0,0.0,3,False,False,0,53,8.386004418762747,0.0,0.938,1.259
II-0 estimated,17,100,2,19,1,25312.0,17,0,0.0,0,False,False,0,53,9.154946270543615,0.0,0.976,1.029
II-0 estimated,18,100,2,19,1,28725.0,17,0,0.0,0,False,False,0,53,8.946283724978242,0.0,1.081,1.347
II-0 estimated,19,100,2,19,1,28773.0,19,0,0.0,0,False,False,0,53,9.65064470163,0.0,1.012,0.721
II-0 estimated,20,100,2,19,1,39957.0,20,0,0.0,0,False,False,0,53,9.30675476136847,0.0,1.242,1.423
II-0 estimated,21,100,2,19,1,32509.0,17,0,0.0,0,False,False,0,53,9.084192069888338,0.0,1.055,1.492
II-0 estimated,22,100,2,19,1,18099.0,16,0,0.0,0,False,False,0,53,8.57749046908669,0.0,0.894,0.814
II-0 estimated,23,100,2,19,1,20144.0,16,0,0.0,0,False,False,0,53,8.793139396346307,0.0,1.004,1.197
II-0 estimated,24,100,2,19,1,114437.0,26,0,0.0,15,False,False,0,53,8.81177416395047,0.0,1.551,1.611
II-0 estimated,25,100,2,19,1,14921.0,15,0,0.0,0,False,False,0,53,8.909590510019436,0.0,0.863,1.051
II-0 estimated,26,100,2,19,1,16883.0,14,0,0.0,0,False,False,0,53,8.832968074394362,0.0,0.812,0.763
II-0 estimated,27,100,2,19,1,46248.0,19,0,0.0,0,False,False,0,53,9.33581992734821,0.0,1.24,1.311
II-0 estimated,28,100,2,19,1,13992.0,12,0,0.0,0,False,False,0,53,9.001786735277301,0.0,0.691,0.6
II-0 estimated,29,100,2,19,1,32874.0,18,0,0.0,2,False,False,0,53,8.270183123441017,0.0,1.172,1.146
II-0 estimated,30,100,2,19,1,26134.0,15,0,0.0,0,False,False,0,53,8.807492155812351,0.0,0.966,1.52
II-0 estimated,31,100,2,19,1,13436.0,14,0,0.0,2,False,False,0,53,8.721941053885084,0.0,0.834,0.646
II-0 estimated,32,100,2,19,1,19450.0,13,0,0.0,1,False,False,0,53,8.464627249357326,0.0,0.827,1.102
II-0 estimated,33,100,2,19,1,25000.0,17,0,0.0,0,False,False,0,53,9.2312,0.0,0.941,1.08
II-0 estimated,34,100,2,19,1,4947.0,6,0,0.0,0,False,False,0,53,7.765716595916717,0.0,0.266,0.14
II-0 estimated,35,100,2,19,1,22523.0,15,0,0.0,1,False,False,0,53,9.113705989433024,0.0,0.883,0.916
II-0 estimated,36,100,2,19,1,13432.0,11,0,0.0,0,False,False,0,53,8.47997319833234,0.0,0.616,0.875
II-0 estimated,37,100,2,19,1,23595.0,18,0,0.0,0,False,False,0,53,9.124348378893833,0.0,0.938,0.768
II-0 estimated,38,100,2,19,1,25969.0,15,0,0.0,0,False,False,0,53,8.637490854480342,0.0,0.847,1.084
II-0 estimated,39,100,2,19,1,31605.0,18,0,0.0,1,False,False,0,53,9.034709697832621,0.0,1.074,1.497
II-0 estimated,40,100,2,19,1,33877.0,20,0,0.0,2,False,False,0,53,9.440948135903415,0.0,1.113,0.931
II-0 estimated,41,100,2,19,1,13245.0,13,0,0.0,0,False,False,0,53,8.27542468856172,0.0,0.697,1.107
II-0 estimated,42,100,2,19,1,36380.0,20,0,0.0,0,False,False,0,53,8.802363936228698,0.0,1.018,1.261
II-0 estimated,43,100,2,19,1,27902.0,19,0,0.0,0,False,False,0,53,8.878467493369651,0.0,1.054,0.617
II-0 estimated,44,100,2,19,1,17917.0,17,0,0.0,0,False,False,0,53,9.694089412290005,0.0,0.859,0.382
II-0 estimated,45,100,2,19,1,42276.0,21,0,0.0,0,False,False,0,53,9.20590878985713,0.0,1.043,0.845
II-0 estimated,46,100,2,19,1,23545.0,18,0,0.0,0,False,False,0,53,9.146910172011042,0.0,0.879,0.954
II-0 estimated,47,100,2,19,1,36593.0,18,0,0.0,3,False,False,0,53,8.969557019102014,0.0,0.866,1.244
II-0 estimated,48,100,2,19,1,19922.0,14,0,0.0,0,False,False,0,53,8.295904025700231,0.0,0.833,1.385
II-0 estimated,49,100,2,19,1,35560.0,19,0,0.0,0,False,False,0,53,9.05913948256468,0.0,0.997,0.992
II-0 estimated,50,100,2,19,1,17051.0,15,0,0.0,0,False,False,0,53,8.621488475749223,0.0,0.672,0.797
II-0 estimated,51,100,2,19,1,17322.0,14,0,0.0,0,False,False,0,53,8.681214640341762,0.0,0.828,0.641
II-0 estimated,52,100,2,19,1,9117.0,12,0,0.0,2,False,False,0,53,8.598552155314248,0.0,0.574,0.408
II-0 estimated,53,100,2,19,1,30476.0,18,0,0.0,2,False,False,0,53,9.200387189919937,0.0,0.996,1.198
II-0 estimated,54,100,2,19,1,35464.0,20,0,0.0,9,False,False,0,53,9.544439431536206,0.0,1.023,0.881
II-0 estimated,55,100,2,19,1,10637.0,12,0,0.0,0,False,False,0,53,8.086772586255524,0.0,0.691,0.603
II-0 estimated,56,100,2,19,1,35457.0,20,0,0.0,0,False,False,0,53,8.559381786389148,0.0,1.231,1.595
II-0 estimated,57,100,2,19,1,35579.0,19,0,0.0,0,False,False,0,53,9.196464206413896,0.0,1.06,1.31
II-0 estimated,58,100,2,19,1,21877.0,16,0,0.0,0,False,False,0,53,8.37729121908854,0.0,0.911,0.912
II-0 estimated,59,100,2,19,1,22560.0,18,0,0.0,0,False,False,0,53,9.417198581560283,0.0,0.839,0.532
II-0 estimated,60,100,2,19,1,19978.0,15,0,0.0,0,False,False,0,53,8.475222745019522,0.0,0.805,0.868
II-0 estimated,61,100,2,19,1,27037.0,16,0,0.0,0,False,False,0,53,8.725302363427895,0.0,0.887,1.186
II-0 estimated,62,100,2,19,1,34144.0,18,0,0.0,0,False,False,0,53,9.231460871602625,0.0,0.964,1.389
II-0 estimated,63,100,2,19,1,27457.0,18,0,0.0,0,False,False,0,53,8.44050697454201,0.0,1.076,1.372
II-0 estimated,64,100,2,19,1,34558.0,19,0,0.0,0,False,False,0,53,9.29865732970658,0.0,1.126,1.506
II-0 estimated,65,100,2,19,1,33538.0,18,0,0.0,2,False,False,0,53,9.159162740771661,0.0,1.062,1.565
II-0 estimated,66,100,2,19,1,21837.0,16,0,0.0,1,False,False,0,53,8.778861565233319,0.0,0.988,0.951
II-0 estimated,67,100,2,19,1,22396.0,17,0,0.0,0,False,False,0,53,8.398821218074657,0.0,0.931,0.711
II-0 estimated,68,100,2,19,1,32934.0,19,0,0.0,0,False,False,0,53,9.222869982389021,0.0,1.044,1.262
II-0 estimated,69,100,2,19,1,42489.0,20,0,0.0,0,False,False,0,53,8.815881757631386,0.0,1.173,1.198
II-0 estimated,70,100,2,19,1,13303.0,13,0,0.0,0,False,False,0,53,8.260617905735549,0.0,0.701,1.039
II-0 estimated,71,100,2,19,1,33633.0,18,0,0.0,0,False,False,0,53,8.867005619480867,0.0,1.092,1.383
II-0 estimated,72,100,2,19,1,25560.0,18,0,0.0,0,False,False,0,53,8.34894366197183,0.0,0.938,0.899
II-0 estimated,73,100,2,19,1,18113.0,15,0,0.0,0,False,False,0,53,8.842709656048143,0.0,0.72,0.733
II-0 estimated,74,100,2,19,1,26535.0,17,0,0.0,4,False,False,0,53,8.633352176370831,0.0,1.012,1.532
II-0 estimated,75,100,2,19,1,34261.0,19,0,0.0,10,False,False,0,53,8.984413764922214,0.0,0.973,0.778
II-0 estimated,76,100,2,19,1,8831.0,13,0,0.0,0,False,False,0,53,8.331785754727663,0.0,0.588,0.331
II-0 estimated,77,100,2,19,1,17092.0,15,0,0.0,1,False,False,0,53,8.554820968874328,0.0,0.916,0.888
II-0 estimated,78,100,2,19,1,25439.0,18,0,0.0,2,False,False,0,53,9.063603129053815,0.0,1.009,0.705
II-0 estimated,79,100,2,19,1,25891.0,17,0,0.0,0,False,False,0,53,8.257193619404426,0.0,0.962,1.206
II-0 estimated,80,100,2,19,1,21052.0,15,0,0.0,0,False,False,0,53,8.871318639559187,0.0,0.852,1.166
II-0 estimated,81,100,2,19,1,40304.0,20,0,0.0,0,False,False,0,53,8.85542377927749,0.0,1.14,1.166
II-0 estimated,82,100,2,19,1,26603.0,17,0,0.0,0,False,False,0,53,8.512912077585234,0.0,0.956,1.573
II-0 estimated,83,100,2,19,1,21759.0,17,0,0.0,1,False,False,0,53,9.393216600027575,0.0,0.889,1.215
II-0 estimated,84,100,2,19,1,13610.0,13,0,0.0,0,False,False,0,53,8.131814842027921,0.0,0.664,0.999
II-0 estimated,85,100,2,19,1,43312.0,20,0,0.0,0,False,False,0,53,9.340182859253787,0.0,1.113,1.277
II-0 estimated,86,100,2,19,1,25318.0,16,0,0.0,0,False,False,0,53,9.19140532427522,0.0,0.86,0.803
II-0 estimated,87,100,2,19,1,18416.0,16,0,0.0,1,False,False,0,53,9.204333188531711,0.0,0.77,0.788
II-0 estimated,88,100,2,19,1,17473.0,16,0,0.0,1,False,False,0,53,9.0539689807131,0.0,0.781,0.452
II-0 estimated,89,100,2,19,1,24692.0,16,0,0.0,0,False,False,0,53,8.635549975700632,0.0,0.91,1.081
II-0 estimated,90,100,2,19,1,31658.0,16,0,0.0,5,False,False,0,53,8.962031713942764,0.0,0.84,1.031
II-0 estimated,91,100,2,19,1,22808.0,16,0,0.0,0,False,False,0,53,8.494212556997544,0.0,0.74,1.112
II-0 estimated,92,100,2,19,1,13620.0,14,0,0.0,0,False,False,0,53,9.116813509544787,0.0,0.774,0.612
II-0 estimated,93,100,2,19,1,36004.0,20,0,0.0,0,False,False,0,53,9.085407176980336,0.0,0.841,0.962
II-0 estimated,94,100,2,19,1,16371.0,16,0,0.0,0,False,False,0,53,8.924867143118929,0.0,0.749,0.411
II-0 estimated,95,100,2,19,1,28289.0,16,0,0.0,0,False,False,0,53,8.611898617837323,0.0,0.64,0.948
II-0 estimated,96,100,2,19,1,20864.0,16,0,0.0,0,False,False,0,53,8.643309049079754,0.0,0.584,0.844
II-0 estimated,97,100,2,19,1,18974.0,16,0,0.0,0,False,False,0,53,8.396489933593339,0.0,0.618,0.813
II-0 estimated,98,100,2,19,1,22633.0,18,0,0.0,0,False,False,0,53,9.331418724870764,0.0,0.691,0.487
II-0 estimated,99,100,2,19,1,42432.0,20,0,0.0,0,False,False,0,53,8.913697209653092,0.0,0.591,0.906
