idx,label,type,gradient,abs_gradient,varC,pauli_terms
25,"D 2,3 -> 6,7",D,0.295315871454509,0.295315871454509,1.8206956299958983,224
8,"D 0,1 -> 4,5",D,0.2737764986563104,0.2737764986563104,1.2761072317178521,224
14,"D 0,3 -> 4,7",D,0.26893158572200554,0.26893158572200554,1.5313421783245968,224
19,"D 1,2 -> 5,6",D,0.26893158572200554,0.26893158572200554,1.5313421783245968,224
22,"D 2,3 -> 4,5",D,0.15598921707187763,0.15598921707187763,0.09522859762717366,168
15,"D 0,3 -> 5,6",D,-0.15554162002384855,0.15554162002384855,1.219266648050387,208
18,"D 1,2 -> 4,7",D,-0.15554162002384855,0.15554162002384855,1.2192666480503873,208
11,"D 0,1 -> 6,7",D,0.15519239245738647,0.15519239245738647,4.965348715252285,208
12,"D 0,2 -> 4,6",D,0.11338996569815699,0.11338996569815699,1.2249346036696942,112
21,"D 1,3 -> 5,7",D,0.11338996569815699,0.11338996569815699,1.2249346036696942,112
4,S 2 -> 4,S,1.5459457773835382e-09,1.5459457773835382e-09,0.061875200914157796,48
6,S 3 -> 5,S,1.5459457773835382e-09,1.5459457773835382e-09,0.0618752009141578,48
1,S 0 -> 6,S,-3.316967262567547e-10,3.316967262567547e-10,1.2326945136586143,58
3,S 1 -> 7,S,-3.316967262567546e-10,3.316967262567546e-10,1.2326945136586154,58
0,S 0 -> 4,S,0.0,0.0,0.4279480256751413,58
2,S 1 -> 5,S,0.0,0.0,0.4279480256751413,58
5,S 2 -> 6,S,0.0,0.0,0.5756529117309914,58
7,S 3 -> 7,S,0.0,0.0,0.5756529117309914,58
9,"D 0,1 -> 4,7",D,0.0,0.0,2.7428234303233716,224
10,"D 0,1 -> 5,6",D,0.0,0.0,2.742823430323372,224
