label,trial,n_trials,seed,selected,correct,shots,rounds,shortfall,miscovered_rounds,best_eliminated,stopped_rho,contexts_used,cz_per_shot_mean,allocation_seconds,statistics_seconds
M2 safe,0,100,5,101,1,28105509657.0,13,0.0,0,False,False,13235,8.513998803341465,0.025,0.005
M2 safe,1,100,5,101,1,27141299143.0,12,0.0,1,False,False,13235,8.408485012806006,0.023,0.004
M2 safe,2,100,5,101,1,40117285192.0,18,0.0,0,False,False,13235,8.549245966309654,0.051,0.007
M2 safe,3,100,5,101,1,52142053906.0,17,0.0,1,False,False,13235,8.341246485918587,0.065,0.007
M2 safe,4,100,5,101,1,26145187389.0,15,0.0,0,False,False,13235,8.389981546710574,0.03,0.005
M2 safe,5,100,5,101,1,31628218526.0,15,0.0,0,False,False,13235,8.365958910378877,0.041,0.005
M2 safe,6,100,5,101,1,59490757378.0,20,0.0,0,False,False,13235,8.389565469266834,0.081,0.007
M2 safe,7,100,5,101,1,39669096254.0,18,0.0,0,False,False,13235,8.560397444087434,0.063,0.006
M2 safe,8,100,5,101,1,35399559015.0,13,0.0,0,False,False,13235,8.412443271251298,0.043,0.004
M2 safe,9,100,5,101,1,43308552661.0,19,0.0,0,False,False,13235,8.402649338838408,0.061,0.007
M2 safe,10,100,5,101,1,41214668779.0,18,0.0,1,False,False,13235,8.502339079127797,0.053,0.007
M2 safe,11,100,5,101,1,35478044077.0,19,0.0,0,False,False,13235,8.491925305581157,0.05,0.006
M2 safe,12,100,5,101,1,55884742476.0,18,0.0,0,False,False,13235,8.544518411497886,0.073,0.007
M2 safe,13,100,5,101,1,28178000907.0,15,0.0,0,False,False,13235,8.456371642099189,0.034,0.006
M2 safe,14,100,5,101,1,27157567202.0,14,0.0,0,False,False,13235,8.48083807993075,0.032,0.005
M2 safe,15,100,5,101,1,37862416060.0,14,0.0,0,False,False,13235,8.500607022963447,0.05,0.005
M2 safe,16,100,5,101,1,35399703429.0,13,0.0,0,False,False,13235,8.401224909623522,0.045,0.005
M2 safe,17,100,5,101,1,35628104681.0,19,0.0,0,False,False,13235,8.598224997676239,0.047,0.007
M2 safe,18,100,5,101,1,35758800653.0,18,0.0,1,False,False,13235,8.555081319773928,0.052,0.008
M2 safe,19,100,5,101,1,30836126019.0,20,0.0,0,False,False,13235,8.528623335497986,0.039,0.007
M2 safe,20,100,5,101,1,45171299082.0,19,0.0,0,False,False,13235,8.612616722905521,0.062,0.007
M2 safe,21,100,5,101,1,30257697470.0,17,0.0,0,False,False,13235,8.561732427289021,0.037,0.007
M2 safe,22,100,5,101,1,27762250441.0,18,0.0,1,False,False,13235,8.261378288997909,0.03,0.006
M2 safe,23,100,5,101,1,54622349197.0,20,0.0,0,False,False,13235,8.410267884381486,0.076,0.009
M2 safe,24,100,5,101,1,29388572263.0,19,0.0,0,False,False,13235,8.436168238024214,0.039,0.008
M2 safe,25,100,5,101,1,27988835620.0,15,0.0,0,False,False,13235,8.485213734089593,0.032,0.006
M2 safe,26,100,5,101,1,27343520222.0,12,0.0,0,False,False,13235,8.340622469469249,0.03,0.004
M2 safe,27,100,5,101,1,31597144957.0,19,0.0,0,False,False,13235,8.670192631701955,0.04,0.007
M2 safe,28,100,5,101,1,31065018640.0,17,0.0,0,False,False,13235,8.28186012068654,0.042,0.007
M2 safe,29,100,5,101,1,28069504580.0,14,0.0,0,False,False,13235,8.52308726882418,0.03,0.005
M2 safe,30,100,5,101,1,64663010632.0,18,0.0,0,False,False,13235,8.400871022763239,0.081,0.007
M2 safe,31,100,5,101,1,39609024325.0,21,0.0,0,False,False,13235,8.46197614853771,0.05,0.007
M2 safe,32,100,5,101,1,36691076004.0,17,0.0,0,False,False,13235,8.533691486204036,0.044,0.005
M2 safe,33,100,5,101,1,40169954502.0,15,0.0,9,False,False,13235,8.354400434939283,0.044,0.005
M2 safe,34,100,5,101,1,30208372566.0,20,0.0,0,False,False,13235,8.44339187163215,0.032,0.007
M2 safe,35,100,5,101,1,35708666800.0,15,0.0,0,False,False,13235,8.405405654993539,0.038,0.005
M2 safe,36,100,5,101,1,37595875130.0,15,0.0,0,False,False,13235,8.342555359795929,0.041,0.006
M2 safe,37,100,5,101,1,36699514883.0,19,0.0,0,False,False,13235,8.619329893745507,0.04,0.006
M2 safe,38,100,5,101,1,31730160819.0,22,0.0,0,False,False,13235,8.487205643368284,0.037,0.007
M2 safe,39,100,5,101,1,43872595991.0,20,0.0,1,False,False,13235,8.587728156940829,0.057,0.006
M2 safe,40,100,5,101,1,27292120218.0,16,0.0,0,False,False,13235,8.428421399788808,0.027,0.005
M2 safe,41,100,5,101,1,32312655223.0,17,0.0,0,False,False,13235,8.553976925308772,0.036,0.007
M2 safe,42,100,5,101,1,46002911857.0,19,0.0,0,False,False,13235,8.506369192441792,0.058,0.008
M2 safe,43,100,5,101,1,26868517433.0,19,0.0,5,False,False,13235,8.38805858391703,0.027,0.006
M2 safe,44,100,5,101,1,28170957614.0,20,0.0,0,False,False,13235,8.5554932881736,0.028,0.007
M2 safe,45,100,5,101,1,39831935570.0,21,0.0,0,False,False,13235,8.61943333018903,0.053,0.008
M2 safe,46,100,5,101,1,32813951458.0,17,0.0,0,False,False,13235,8.520422408007086,0.038,0.007
M2 safe,47,100,5,101,1,28584801570.0,15,0.0,1,False,False,13235,8.487532098967794,0.026,0.004
M2 safe,48,100,5,101,1,49209152018.0,18,0.0,0,False,False,13235,8.480137879928463,0.061,0.007
M2 safe,49,100,5,101,1,52232193906.0,17,0.0,0,False,False,13235,8.526000713342505,0.064,0.005
M2 safe,50,100,5,101,1,44939976938.0,15,0.0,0,False,False,13235,8.328901223834446,0.053,0.005
M2 safe,51,100,5,101,1,37909069319.0,16,0.0,0,False,False,13235,8.564032259301165,0.045,0.005
M2 safe,52,100,5,101,1,50684662671.0,15,0.0,0,False,False,13235,8.346097044501725,0.058,0.005
M2 safe,53,100,5,101,1,33808758480.0,21,0.0,0,False,False,13235,8.657561758298556,0.039,0.006
M2 safe,54,100,5,101,1,42194118409.0,18,0.0,0,False,False,13235,8.408647418862108,0.051,0.006
M2 safe,55,100,5,101,1,28867305475.0,17,0.0,0,False,False,13235,8.538223366065655,0.028,0.006
M2 safe,56,100,5,101,1,44546117390.0,15,0.0,0,False,False,13235,8.42311040389866,0.052,0.005
M2 safe,57,100,5,101,1,43295107630.0,18,0.0,0,False,False,13235,8.505990933114584,0.05,0.007
M2 safe,58,100,5,101,1,35854331040.0,14,0.0,0,False,False,13235,8.550700062649948,0.037,0.005
M2 safe,59,100,5,101,1,32179329699.0,18,0.0,0,False,False,13235,8.373113192018202,0.037,0.007
M2 safe,60,100,5,101,1,62282829077.0,19,0.0,0,False,False,13235,8.444827141084877,0.077,0.007
M2 safe,61,100,5,101,1,49016956823.0,16,0.0,0,False,False,13235,8.373831752003051,0.053,0.006
M2 safe,62,100,5,101,1,27753575754.0,21,0.0,0,False,False,13235,8.465288514909249,0.029,0.007
M2 safe,63,100,5,101,1,45940932046.0,16,0.0,0,False,False,13235,8.691213171060705,0.055,0.005
M2 safe,64,100,5,101,1,28108808767.0,16,0.0,0,False,False,13235,8.429989635853572,0.028,0.005
M2 safe,65,100,5,101,1,38999635977.0,19,0.0,0,False,False,13235,8.636042939186124,0.048,0.006
M2 safe,66,100,5,101,1,27402560797.0,16,0.0,0,False,False,13235,8.482680253242902,0.028,0.005
M2 safe,67,100,5,101,1,45383844412.0,20,0.0,0,False,False,13235,8.595284404065527,0.053,0.006
M2 safe,68,100,5,101,1,26704288587.0,19,0.0,0,False,False,13235,8.38300976480531,0.026,0.006
M2 safe,69,100,5,101,1,48821858515.0,16,0.0,0,False,False,13235,8.460448638514924,0.06,0.005
M2 safe,70,100,5,101,1,27157688722.0,16,0.0,0,False,False,13235,8.493135518235432,0.028,0.006
M2 safe,71,100,5,101,1,36479039598.0,16,0.0,0,False,False,13235,8.311203791495169,0.039,0.005
M2 safe,72,100,5,101,1,39751634863.0,16,0.0,0,False,False,13235,8.432214688105619,0.046,0.005
M2 safe,73,100,5,101,1,37299302372.0,21,0.0,2,False,False,13235,8.622852229280294,0.046,0.008
M2 safe,74,100,5,101,1,37709577541.0,18,0.0,0,False,False,13235,8.568539870850843,0.049,0.006
M2 safe,75,100,5,101,1,34591214515.0,17,0.0,0,False,False,13235,8.362842333985046,0.038,0.005
M2 safe,76,100,5,101,1,28478880049.0,20,0.0,0,False,False,13235,8.391246684027916,0.031,0.007
M2 safe,77,100,5,101,1,36809449660.0,17,0.0,0,False,False,13235,8.35839601034122,0.04,0.005
M2 safe,78,100,5,101,1,31385840059.0,17,0.0,0,False,False,13235,8.512099258129977,0.035,0.005
M2 safe,79,100,5,101,1,32574700899.0,19,0.0,0,False,False,13235,8.482294683524854,0.041,0.007
M2 safe,80,100,5,101,1,26646033209.0,14,0.0,0,False,False,13235,8.370861568905584,0.024,0.005
M2 safe,81,100,5,101,1,33050962495.0,17,0.0,0,False,False,13235,8.473678891389877,0.034,0.006
M2 safe,82,100,5,101,1,38308288707.0,17,0.0,0,False,False,13235,8.589984071302828,0.044,0.005
M2 safe,83,100,5,101,1,30177847440.0,18,0.0,0,False,False,13235,8.458363607063156,0.033,0.006
M2 safe,84,100,5,101,1,28036184207.0,16,0.0,0,False,False,13235,8.400241539902506,0.026,0.005
M2 safe,85,100,5,101,1,34221276291.0,14,0.0,0,False,False,13235,8.379373207609278,0.035,0.005
M2 safe,86,100,5,101,1,51111258913.0,20,0.0,0,False,False,13235,8.581700692651847,0.067,0.007
M2 safe,87,100,5,101,1,38908324184.0,16,0.0,0,False,False,13235,8.458690478716095,0.048,0.006
M2 safe,88,100,5,101,1,36602488326.0,16,0.0,1,False,False,13235,8.463350368749463,0.039,0.005
M2 safe,89,100,5,101,1,40877166308.0,22,0.0,0,False,False,13235,8.472136001688133,0.048,0.008
M2 safe,90,100,5,101,1,29570524380.0,13,0.0,0,False,False,13235,8.490686565667186,0.028,0.004
M2 safe,91,100,5,101,1,43615696517.0,19,0.0,0,False,False,13235,8.416028275392266,0.057,0.008
M2 safe,92,100,5,101,1,39212160012.0,21,0.0,0,False,False,13235,8.447753952259374,0.046,0.007
M2 safe,93,100,5,101,1,43651584334.0,15,0.0,0,False,False,13235,8.398810989420157,0.05,0.006
M2 safe,94,100,5,101,1,35351996419.0,20,0.0,0,False,False,13235,8.5145229082232,0.047,0.008
M2 safe,95,100,5,101,1,31208393256.0,15,0.0,0,False,False,13235,8.513399560226306,0.033,0.006
M2 safe,96,100,5,101,1,26106919230.0,16,0.0,0,False,False,13235,8.380254766391293,0.023,0.004
M2 safe,97,100,5,101,1,53544073590.0,19,0.0,0,False,False,13235,8.5293834172769,0.067,0.007
M2 safe,98,100,5,101,1,28073221247.0,16,0.0,0,False,False,13235,8.366644012827702,0.029,0.006
M2 safe,99,100,5,101,1,35958685411.0,14,0.0,0,False,False,13235,8.364316624989648,0.04,0.004
