case,family,method,config,trials,shots_mean,shots_sem,shots_median,correct_rate,cz_per_shot
H4_square_eq_side1p0_CISD,FC,M1 static,M1 static,200,59671.0,0.0,59671.0,1.0,7.872383569908331
H4_square_eq_side1p0_CISD,FC,M1 seq,M1 seq,200,55869.705,1567.8285473575934,55143.5,1.0,7.874398004515357
H4_square_eq_side1p0_CISD,FC,II-0,II-0 estimated,200,41462.89,1096.1745459164226,38389.5,1.0,8.230623227615586
H4_square_eq_side1p0_CISD,FC,II-A,II-A data,200,27128.7,512.6854150196486,27129.0,1.0,nan
H4_square_eq_side1p0_CISD,FC,"M1 seq, safe","M1 seq, safe",200,53259.575,1263.6355001574489,48401.0,1.0,7.576846414845644
H4_square_eq_side1p0_CISD,FC,"II-A, safe","II-A data, safe",200,33467.33,504.8991765669557,32621.0,1.0,8.05031725225767
H4_square_eq_side1p0_CISD,blocks=4,M1 static,"M1 static, blocks=4",200,71065.0,0.0,71065.0,1.0,4.689565890382044
H4_square_eq_side1p0_CISD,blocks=4,M1 seq,"M1 seq, blocks=4",200,63698.155,1672.4624847419511,65682.0,1.0,4.690165724441068
H4_square_eq_side1p0_CISD,blocks=4,II-0,"II-0, blocks=4",200,48621.9,1187.0063179038764,47299.0,1.0,4.602719681259698
H4_square_eq_side1p0_CISD,blocks=4,II-A,"II-A data, blocks=4",200,39899.425,883.6780833236774,38819.5,1.0,4.513819688850435
H4_square_eq_side1p0_CISD,blocks=4,"M1 seq, safe","M1 seq, safe, blocks=4",200,67330.2,1596.6987988255187,65861.5,1.0,4.681292015925206
H4_square_eq_side1p0_CISD,blocks=4,"II-0, safe","II-0, safe, blocks=4",200,52152.18,1087.807227688369,50476.0,1.0,4.588818927429234
H4_square_eq_side1p0_CISD,blocks=4,"II-A, safe","II-A data, safe, blocks=4",200,40775.715,699.606594454265,38758.0,1.0,4.474335351396372
H4_square_eq_side1p0_CISD,blocks=2,M1 static,"M1 static, blocks=2",200,98879.0,0.0,98879.0,1.0,1.4145268459430214
H4_square_eq_side1p0_CISD,blocks=2,M1 seq,"M1 seq, blocks=2",200,86384.06,2227.4597909239383,91470.5,1.0,1.4152234775157575
H4_square_eq_side1p0_CISD,blocks=2,II-0,"II-0, blocks=2",200,62658.995,1422.5588470221821,60752.5,1.0,1.548395660035331
H4_square_eq_side1p0_CISD,blocks=2,II-A,"II-A data, blocks=2",200,50477.56,1093.2165426978045,48805.0,1.0,1.374308973661302
H4_square_eq_side1p0_CISD,blocks=2,"M1 seq, safe","M1 seq, safe, blocks=2",200,93078.67,2012.996506762166,92508.0,1.0,1.4235247427161144
H4_square_eq_side1p0_CISD,blocks=2,"II-0, safe","II-0, safe, blocks=2",200,70485.545,1300.2735864571214,67365.0,1.0,1.5155237100651504
H4_square_eq_side1p0_CISD,blocks=2,"II-A, safe","II-A data, safe, blocks=2",200,55546.855,778.5374277786109,54050.0,1.0,1.3685682349148407
H4_square_eq_side1p0_CISD,QWC,M1 static,"M1 static, blocks=1",200,120185.0,0.0,120185.0,1.0,0.0
H4_square_eq_side1p0_CISD,QWC,M1 seq,"M1 seq, blocks=1",200,113208.71,2822.2172000665105,111284.0,1.0,0.0
H4_square_eq_side1p0_CISD,QWC,II-0,"II-0, blocks=1",200,80015.21,1985.6264898301176,74692.0,1.0,0.0
H4_square_eq_side1p0_CISD,QWC,II-A,"II-A data, blocks=1",200,61409.73,1238.5530860322865,58806.0,1.0,0.0
H4_square_eq_side1p0_CISD,QWC,"M1 seq, safe","M1 seq, safe, blocks=1",200,118732.435,2684.349331672599,112183.5,1.0,0.0
H4_square_eq_side1p0_CISD,QWC,"II-0, safe","II-0, safe, blocks=1",200,89050.725,1694.0253788885416,83848.5,1.0,0.0
H4_square_eq_side1p0_CISD,QWC,"II-A, safe","II-A data, safe, blocks=1",200,71961.425,1131.8568333396956,68661.0,1.0,0.0
H4_square_eq_side1p0_CISD,pivot (published),M1 static,Pivot M1 static,200,763209.0,0.0,763209.0,1.0,6.4548649190457645
H4_square_eq_side1p0_CISD,pivot (published),M1 seq,Pivot M1 seq,200,714931.73,19862.24287611888,706115.0,1.0,6.457191631489011
H4_square_eq_side1p0_CISD,pivot (merged),M1 static,Pivot merged M1 static,200,98132.0,0.0,98132.0,1.0,5.616526719113031
H4_square_eq_side1p0_CISD,pivot (merged),M1 seq,Pivot merged M1 seq,200,96840.25,2828.9356979797226,90800.5,1.0,5.617571621153109
H4_square_eq_side1p0_CISD,pivot (merged),II-0,Pivot merged II-0,200,68422.705,1710.2220117832112,66726.0,1.0,5.678129571346448
H4_square_eq_side1p0_CISD,pivot (merged),II-A,Pivot merged II-A,200,44917.15,832.0514074929838,44281.0,1.0,6.136349779597558
H4_square_eq_side1p0_CISD,pivot (merged),"II-0, safe","Pivot merged II-0, safe",200,68442.315,1620.115587051092,66659.0,1.0,5.694161532219604
H4_square_eq_side1p0_CISD,pivot (merged),"II-A, safe","Pivot merged II-A, safe",200,44664.95,687.1407707534594,43569.5,1.0,6.19209289723563
H4_square_eq_side1p0_CISD,independent arms,M2 FC,M2 pairwise,200,101156.78,1567.4215043886888,96300.5,1.0,5.718366230878153
H4_square_eq_side1p0_CISD,independent arms,"M2 FC, safe",M2 safe,200,101128.7,1567.449212356363,96300.5,1.0,5.7178306527165725
H4_square_eq_side1p0_CISD,independent arms,M2 QWC,M2 QWC pairwise,200,195658.175,4442.565679034418,185940.5,1.0,0.0
H4_square_eq_side1p0_CISD,independent arms,"M2 QWC, safe",M2 QWC safe,200,195658.175,4442.565679034418,185940.5,1.0,0.0
H4_square_eq_side1p0_CISD,independent arms,"M2 QWC, Successive Elimination",M2 QWC marginal,200,344335.53,6319.208957916692,338244.5,1.0,0.0
H4_square_eq_side1p0_CISD,independent arms,"M2 FC, Successive Elimination",M2 marginal,200,150634.14,2795.833463671419,144482.0,1.0,5.584777498402639
H4_square_stretch_side2p0_CISD,FC,M1 static,M1 static,200,58094.0,0.0,58094.0,1.0,7.928185354769853
H4_square_stretch_side2p0_CISD,FC,M1 seq,M1 seq,200,41979.16,1632.2022197641488,40281.5,1.0,7.927012805022046
H4_square_stretch_side2p0_CISD,FC,II-0,II-0 estimated,200,24699.495,670.899077814942,23990.0,1.0,8.409068866080075
H4_square_stretch_side2p0_CISD,FC,II-A,II-A data,200,13727.095,329.6886347133775,12657.5,1.0,nan
H4_square_stretch_side2p0_CISD,FC,"M1 seq, safe","M1 seq, safe",200,45085.17,1489.6806015818108,42951.5,1.0,7.626867811491856
H4_square_stretch_side2p0_CISD,FC,"II-A, safe","II-A data, safe",200,19157.08,221.61186319224356,17617.5,1.0,7.728339920438397
H4_square_stretch_side2p0_CISD,independent arms,M2 FC,M2 pairwise,200,105604.605,930.9558073944661,103801.0,1.0,6.336150981842099
H4_square_stretch_side2p0_CISD,independent arms,"M2 FC, safe",M2 safe,200,105510.65,929.3776238570255,103801.0,1.0,6.336115738915393
H4_square_stretch_side2p0_CISD,independent arms,"M2 FC, Successive Elimination",M2 marginal,200,141382.93,1769.1181241969998,139435.0,1.0,6.247876961186912
LiH_R3p0_HF,FC,M1 static,M1 static,200,3564398.0,0.0,3564398.0,1.0,21.065637170708772
LiH_R3p0_HF,FC,M1 seq,M1 seq,200,833126.32,24881.577255014887,755991.0,1.0,21.060847315255117
LiH_R3p0_HF,FC,II-0,II-0 estimated,100,304990.22,6801.927536131492,295126.0,1.0,20.99962205012076
LiH_R3p0_HF,FC,II-A,II-A data,100,184511.31,3513.1892130952883,179342.5,1.0,nan
LiH_R3p0_HF,FC,"M1 seq, safe","M1 seq, safe",200,1812609.115,32547.58040462048,1759712.0,1.0,21.0442601419538
LiH_R3p0_HF,FC,"II-A, safe","II-A data, safe",200,324757.985,1479.5506051126881,324543.5,1.0,23.691676921550243
LiH_R3p0_HF,blocks=4,M1 static,"M1 static, blocks=4",100,4199308.0,0.0,4199308.0,1.0,6.409859910251879
LiH_R3p0_HF,blocks=4,M1 seq,"M1 seq, blocks=4",100,1129978.03,49002.26293218138,1098745.5,1.0,6.410082586426517
LiH_R3p0_HF,blocks=4,II-0,"II-0, blocks=4",100,399488.51,9248.248168652748,388368.5,1.0,6.419704871595972
LiH_R3p0_HF,blocks=4,II-A,"II-A data, blocks=4",100,310073.26,8438.39595659787,302381.5,1.0,6.213465854875215
LiH_R3p0_HF,blocks=4,"M1 seq, safe","M1 seq, safe, blocks=4",100,2654226.36,61145.022017468196,2563161.0,1.0,6.405300303941228
LiH_R3p0_HF,blocks=4,"II-0, safe","II-0, safe, blocks=4",100,823769.44,8427.661244987643,824620.5,1.0,6.3903716058131055
LiH_R3p0_HF,blocks=4,"II-A, safe","II-A data, safe, blocks=4",100,602139.51,4136.437074416224,592184.0,1.0,6.095044421116593
LiH_R3p0_HF,blocks=2,M1 static,"M1 static, blocks=2",100,5029807.0,0.0,5029807.0,1.0,2.693676516812673
LiH_R3p0_HF,blocks=2,M1 seq,"M1 seq, blocks=2",100,1399646.18,74307.8074155573,1314787.5,1.0,2.6943870142010145
LiH_R3p0_HF,blocks=2,II-0,"II-0, blocks=2",100,533311.21,15183.923849191266,525941.0,1.0,2.737416831901702
LiH_R3p0_HF,blocks=2,II-A,"II-A data, blocks=2",100,363859.83,7436.6418720102665,363852.0,1.0,2.5717072540939356
LiH_R3p0_HF,blocks=2,"M1 seq, safe","M1 seq, safe, blocks=2",100,1615971.57,66064.79716940482,1371728.5,1.0,2.671746129851404
LiH_R3p0_HF,blocks=2,"II-0, safe","II-0, safe, blocks=2",100,737648.25,9285.394486393916,715161.0,1.0,2.6800482444481935
LiH_R3p0_HF,blocks=2,"II-A, safe","II-A data, safe, blocks=2",100,487263.89,3677.3510356468178,494365.5,1.0,2.5696660585116184
LiH_R3p0_HF,QWC,M1 static,"M1 static, blocks=1",100,5289779.0,0.0,5289779.0,1.0,0.0
LiH_R3p0_HF,QWC,M1 seq,"M1 seq, blocks=1",100,5930680.45,2665568.755892913,2597447.0,0.98,0.0
LiH_R3p0_HF,QWC,II-0,"II-0, blocks=1",100,529275.79,30953.356678733042,510201.5,0.98,0.0
LiH_R3p0_HF,QWC,II-A,"II-A data, blocks=1",100,363171.68,9085.927890862637,361960.5,0.98,0.0
LiH_R3p0_HF,QWC,"M1 seq, safe","M1 seq, safe, blocks=1",100,2489568.21,97541.48158472628,2173734.5,1.0,0.0
LiH_R3p0_HF,QWC,"II-0, safe","II-0, safe, blocks=1",100,871619.23,6439.836551691041,867171.5,1.0,0.0
LiH_R3p0_HF,QWC,"II-A, safe","II-A data, safe, blocks=1",100,607511.79,5304.759214507099,604802.5,1.0,0.0
LiH_R3p0_HF,pivot (published),M1 static,Pivot M1 static,200,20146230.0,0.0,20146230.0,1.0,7.326354260822
LiH_R3p0_HF,pivot (published),M1 seq,Pivot M1 seq,100,17832155.46,1434108.4140654106,12200369.0,1.0,7.339981798646233
LiH_R3p0_HF,pivot (merged),M1 static,Pivot merged M1 static,200,4177983.0,0.0,4177983.0,1.0,8.984839335152872
LiH_R3p0_HF,pivot (merged),M1 seq,Pivot merged M1 seq,100,4441645.72,543428.7821997347,3113443.5,0.98,8.992857572086836
LiH_R3p0_HF,pivot (merged),II-0,Pivot merged II-0,100,668880.86,91741.61301295941,583973.0,0.98,9.135444567399283
LiH_R3p0_HF,pivot (merged),II-A,Pivot merged II-A,50,395377.66,20116.605393912156,386120.5,1.0,9.683891025589196
LiH_R3p0_HF,independent arms,M2 FC,M2 pairwise,200,1006461.06,14289.8243481133,977380.0,1.0,7.928725328630426
LiH_R3p0_HF,independent arms,"M2 FC, safe",M2 safe,200,1006461.06,14289.8243481133,977380.0,1.0,7.928725328630426
LiH_R3p0_HF,independent arms,M2 QWC,M2 QWC pairwise,200,1136870.045,14225.007958446073,1120129.5,1.0,0.0
LiH_R3p0_HF,independent arms,"M2 QWC, safe",M2 QWC safe,200,1136870.045,14225.007958446073,1120129.5,1.0,0.0
LiH_R3p0_HF,independent arms,"M2 QWC, Successive Elimination",M2 QWC marginal,200,1899392.77,21908.49751435199,1861042.0,1.0,0.0
LiH_R3p0_HF,independent arms,"M2 FC, Successive Elimination",M2 marginal,200,1668968.275,22627.287952442748,1637484.0,1.0,7.98221512438406
LiH_R3p0_ADAPT3,FC,M1 seq,M1 seq,100,1292884.48,26383.575619345327,1179127.5,1.0,21.152099831810983
LiH_R3p0_ADAPT3,FC,II-0,II-0 estimated,100,709261.22,14005.219997951703,688858.5,1.0,21.086656094896167
LiH_R3p0_ADAPT3,FC,II-A,II-A data,100,430493.89,8070.136199868204,416536.0,1.0,22.732620808557975
LiH_R3p0_ADAPT3,FC,"M1 seq, safe","M1 seq, safe",100,1798161.56,31793.680745407142,1800361.0,1.0,21.128242871887892
LiH_R3p0_ADAPT3,FC,"II-A, safe","II-A data, safe",100,844820.41,6606.941078637288,838645.5,1.0,22.93782977932156
LiH_R3p0_ADAPT3,pivot (published),M1 static,Pivot M1 static,100,12472670.0,0.0,12472670.0,1.0,7.29399631353992
LiH_R3p0_ADAPT3,pivot (merged),M1 static,Pivot merged M1 static,100,2639969.0,0.0,2639969.0,1.0,9.051322951140715
LiH_R3p0_ADAPT3,pivot (merged),M1 seq,Pivot merged M1 seq,100,2758417.3,863855.5460143179,1983146.5,1.0,9.056460049517264
LiH_R3p0_ADAPT3,independent arms,M2 FC,M2 pairwise,100,2039719.15,49006.67987551582,1858260.5,1.0,7.907512902774411
LiH_R3p0_ADAPT3,independent arms,"M2 FC, safe",M2 safe,100,2039719.15,49006.67987551582,1858260.5,1.0,7.907512902774411
LiH_R3p0_ADAPT3,independent arms,M2 QWC,M2 QWC pairwise,100,2411513.96,55009.69860820031,2319864.5,1.0,0.0
LiH_R3p0_ADAPT3,independent arms,"M2 QWC, safe",M2 QWC safe,100,2411513.96,55009.69860820031,2319864.5,1.0,0.0
LiH_R3p0_ADAPT5,FC,M1 seq,M1 seq,100,493217360.57,28796243.485154085,399205757.0,1.0,21.217330738542977
LiH_R3p0_ADAPT5,FC,II-0,II-0 estimated,100,65985282.45,2841843.322555815,65363601.5,1.0,19.63786709837125
LiH_R3p0_ADAPT5,FC,II-A,II-A data,100,43446682.61,2514018.570716575,38385350.0,1.0,22.037759784226203
LiH_R3p0_ADAPT5,FC,"M1 seq, safe","M1 seq, safe",100,436210034.02,25054575.95368986,399196281.0,1.0,21.21733345532286
LiH_R3p0_ADAPT5,FC,"II-A, safe","II-A data, safe",100,39411573.83,3036833.5290510124,31918594.0,1.0,22.117275523273623
LiH_R3p0_ADAPT5,pivot (published),M1 static,Pivot M1 static,100,6462051848.0,0.0,6462051848.0,1.0,7.268226076913394
LiH_R3p0_ADAPT5,pivot (merged),M1 static,Pivot merged M1 static,100,1394259068.0,0.0,1394259068.0,1.0,9.073310790186662
LiH_R3p0_ADAPT5,pivot (merged),M1 seq,Pivot merged M1 seq,100,752038606.8,47589383.04544398,660960390.5,1.0,9.073228572092967
LiH_R3p0_ADAPT5,independent arms,M2 FC,M2 pairwise,100,94080405.84,3038702.438319774,89840666.5,1.0,11.634405699067049
LiH_R3p0_ADAPT5,independent arms,"M2 FC, safe",M2 safe,100,94080405.84,3038702.438319774,89840666.5,1.0,11.634405699067049
LiH_R3p0_ADAPT5,independent arms,M2 QWC,M2 QWC pairwise,100,108254749.57,3949542.471717206,103577866.0,1.0,0.0
LiH_R3p0_ADAPT5,independent arms,"M2 QWC, safe",M2 QWC safe,100,108254749.57,3949542.471717206,103577866.0,1.0,0.0
H2O_eq_CISD,FC,M1 static,M1 static,100,411524733340.0,0.0,411524733340.0,1.0,28.869129076408377
H2O_eq_CISD,FC,M1 seq,M1 seq,100,94152304057.95,4501995283.318033,92819971514.5,1.0,28.866962171298255
H2O_eq_CISD,FC,II-0,II-0 estimated,100,20516289796.93,478762448.85231954,19541437757.5,1.0,28.761153148994623
H2O_eq_CISD,FC,II-A,II-A data,100,8799094573.1,68036855.8689379,8639020791.5,1.0,30.252900035865974
H2O_eq_CISD,FC,"II-A, safe","II-A data, safe",100,8795243567.19,65328007.63654246,8735438134.0,1.0,30.23442567614474
H2O_eq_CISD,QWC,M1 static,"M1 static, blocks=1",24,434929918074.0,0.0,434929918074.0,1.0,0.0
H2O_eq_CISD,QWC,M1 seq,"M1 seq, blocks=1",24,133840530824.625,11626280111.610188,135310932241.5,1.0,0.0
H2O_eq_CISD,QWC,II-0,"II-0, blocks=1",24,21111016489.583332,994773394.0609887,22026865178.5,1.0,0.0
H2O_eq_CISD,independent arms,M2 FC,M2 pairwise,100,37012438149.55,878710729.7916816,35733733726.5,1.0,8.469432680779365
H2O_eq_CISD,independent arms,"M2 FC, safe",M2 safe,100,37012438149.55,878710729.7916815,35733733726.5,1.0,8.469432680779367
H2O_eq_CISD,independent arms,M2 QWC,M2 QWC pairwise,100,38422598339.8,962023212.8171631,36732309259.0,1.0,0.0
H2O_eq_CISD,independent arms,"M2 QWC, safe",M2 QWC safe,100,38422598339.8,962023212.8171631,36732309259.0,1.0,0.0
H2O_stretch_CISD,FC,M1 static,M1 static,100,5715349921.0,0.0,5715349921.0,1.0,28.29677664402799
H2O_stretch_CISD,FC,M1 seq,M1 seq,100,1488733234.42,80237595.18261454,1292804515.0,1.0,28.296992724875892
H2O_stretch_CISD,FC,II-0,II-0 estimated,100,86283603.65,1700654.3294640756,83872655.0,1.0,28.10215217574603
H2O_stretch_CISD,FC,II-A,II-A data,100,39491648.82,352622.8392247695,39444243.0,1.0,29.423183029461857
H2O_stretch_CISD,FC,"II-A, safe","II-A data, safe",100,48696821.98,425496.1398357184,49145395.5,1.0,29.616069280202073
H2O_stretch_CISD,QWC,M1 static,"M1 static, blocks=1",24,6337056952.0,0.0,6337056952.0,1.0,0.0
H2O_stretch_CISD,QWC,M1 seq,"M1 seq, blocks=1",24,975656797.7083334,89343488.71726385,761973793.5,1.0,0.0
H2O_stretch_CISD,QWC,II-0,"II-0, blocks=1",24,87964503.875,3074853.8941200627,86786979.5,1.0,0.0
H2O_stretch_CISD,independent arms,M2 FC,M2 pairwise,100,129522116.35,2202586.8667792073,123238452.0,1.0,10.062042339480069
H2O_stretch_CISD,independent arms,"M2 FC, safe",M2 safe,100,129522116.35,2202586.8667792073,123238452.0,1.0,10.062042339480069
H2O_stretch_CISD,independent arms,M2 QWC,M2 QWC pairwise,100,131633528.23,2706359.9335773224,122078687.0,1.0,0.0
H2O_stretch_CISD,independent arms,"M2 QWC, safe",M2 QWC safe,100,131633528.23,2706359.9335773224,122078687.0,1.0,0.0
H2O_eq_ADAPT11,FC,M1 static,M1 static,100,15167502143.0,0.0,15167502143.0,1.0,28.865989793979498
H2O_eq_ADAPT11,FC,M1 seq,M1 seq,100,5374529603.37,248743219.0865395,5332768390.0,1.0,28.865982058545082
H2O_eq_ADAPT11,FC,II-0,II-0 estimated,100,193342205.1,4367037.9622434275,191521737.5,1.0,27.375303800816965
H2O_eq_ADAPT11,FC,II-A,II-A data,100,81650089.52,1811576.619498477,75581010.0,1.0,28.581030799223093
H2O_eq_ADAPT11,FC,"II-A, safe","II-A data, safe",100,76257144.88,1474836.0513182129,73924090.5,1.0,29.066486672094708
H2O_eq_ADAPT11,independent arms,M2 FC,M2 pairwise,100,233142704.46,4294980.337535625,230245481.0,1.0,8.264718649626131
H2O_eq_ADAPT11,independent arms,"M2 FC, safe",M2 safe,100,233142704.46,4294980.337535625,230245481.0,1.0,8.26471864962613
H2O_eq_ADAPT11,independent arms,M2 QWC,M2 QWC pairwise,100,239420770.8,4590887.264132181,237807630.5,1.0,0.0
H2O_eq_ADAPT11,independent arms,"M2 QWC, safe",M2 QWC safe,100,239420770.8,4590887.264132181,237807630.5,1.0,0.0
H2O_stretch_ADAPT8,FC,M1 static,M1 static,100,14373922064.0,0.0,14373922064.0,1.0,28.38563972973549
H2O_stretch_ADAPT8,FC,M1 seq,M1 seq,100,2470287649.62,138060400.8609044,2191197513.0,1.0,28.385390265155134
H2O_stretch_ADAPT8,FC,II-0,II-0 estimated,100,183773750.84,3840315.785226171,180593236.0,1.0,28.20901116206057
H2O_stretch_ADAPT8,FC,II-A,II-A data,100,85709285.76,893130.0507390009,83650019.5,1.0,29.319011606443606
H2O_stretch_ADAPT8,FC,"II-A, safe","II-A data, safe",100,88227233.25,1035551.2183034464,85691371.0,1.0,29.2635603555892
H2O_stretch_ADAPT8,independent arms,M2 FC,M2 pairwise,100,263952273.6,2240560.426361337,259632881.0,1.0,10.053959041502246
H2O_stretch_ADAPT8,independent arms,"M2 FC, safe",M2 safe,100,263952273.6,2240560.4263613373,259632881.0,1.0,10.053959041502246
H2O_stretch_ADAPT8,independent arms,M2 QWC,M2 QWC pairwise,100,297812187.25,4301818.3460616,293628307.5,1.0,0.0
H2O_stretch_ADAPT8,independent arms,"M2 QWC, safe",M2 QWC safe,100,297812187.25,4301818.3460616,293628307.5,1.0,0.0
