case,allocation,budget,trajectories,exact_iterations,exact_final_error,reached_rate,steps_mean,steps_over_exact,final_error_median,final_error_p90,exact_best_rate,rho_good_rate,total_shots_median,total_shots_mean
H2O_eq_HF,designed,100000,12,17,0.0015366858598042654,0.0,27.0,1.588235294117647,0.049419367977883155,0.049455801637327566,0.0,0.0,2732670.0,2732646.5
H2O_eq_HF,designed,316228,12,17,0.0015366858598042654,0.0,27.0,1.588235294117647,0.043404908411666554,0.049160711837973284,0.015432098765432098,0.015432098765432098,8569830.0,8569842.333333334
H2O_eq_HF,designed,1000000,12,17,0.0015366858598042654,0.0,27.0,1.588235294117647,0.0294147234164015,0.034166903895383884,0.037037037037037035,0.037037037037037035,27031977.5,27031980.25
H2O_eq_HF,designed,3162278,12,17,0.0015366858598042654,0.0,27.0,1.588235294117647,0.013137431640643626,0.018183933089606797,0.09259259259259259,0.11419753086419752,85413560.5,85413574.33333333
H2O_eq_HF,designed,10000000,36,17,0.0015366858598042654,0.027777777777777776,26.88888888888889,1.5816993464052287,0.00396549155931325,0.005683989693572755,0.25206611570247933,0.35020661157024796,270032109.5,268920884.6111111
H2O_eq_HF,designed,13335214,36,17,0.0015366858598042654,0.16666666666666666,26.72222222222222,1.5718954248366013,0.0031090572683112327,0.005373131529637476,0.2785862785862786,0.3981288981288981,360082830.0,356378285.2222222
H2O_eq_HF,designed,17782794,36,17,0.0015366858598042654,0.4166666666666667,26.055555555555557,1.5326797385620916,0.0022399123643737084,0.0032412662590104446,0.3294243070362473,0.4541577825159915,480167194.0,463371258.5
H2O_eq_HF,designed,23713737,36,17,0.0015366858598042654,0.6111111111111112,24.444444444444443,1.4379084967320261,0.0015191851116114208,0.0023774958153808257,0.37727272727272726,0.5397727272727273,616587841.0,579698012.9444444
H2O_eq_HF,designed,31622777,36,17,0.0015366858598042654,0.8333333333333334,21.694444444444443,1.276143790849673,0.0015113515187508142,0.0023506437975200356,0.45710627400768244,0.6325224071702945,664103135.0,686064250.9166666
H2O_eq_HF,designed,42169650,36,17,0.0015366858598042654,1.0,19.833333333333332,1.1666666666666665,0.0015123221531041509,0.0015336616472509945,0.49019607843137253,0.7282913165266106,801245882.0,836388287.8333334
H2O_eq_HF,designed,56234133,36,17,0.0015366858598042654,1.0,19.055555555555557,1.1209150326797386,0.0015170788010223646,0.0015355954842135588,0.5481049562682215,0.7434402332361516,1068470991.0,1071595195.6111112
H2O_eq_HF,designed,74989421,36,17,0.0015366858598042654,1.0,18.555555555555557,1.0915032679738563,0.0015164323610221686,0.001536242800113996,0.5973053892215568,0.7994011976047904,1349830890.5,1391492329.1388888
H2O_eq_HF,designed,100000000,36,17,0.0015366858598042654,1.0,18.02777777777778,1.0604575163398693,0.0015189059039357744,0.0015366910104503972,0.6363636363636364,0.8443759630200308,1800021320.5,1802799153.3055556
H2O_eq_HF,designed,133352143,36,17,0.0015366858598042654,1.0,17.72222222222222,1.0424836601307188,0.001533446527361093,0.001536694908544689,0.6677115987460815,0.8934169278996865,2267006588.0,2363317278.888889
H2O_eq_HF,designed,177827941,36,17,0.0015366858598042654,1.0,17.416666666666668,1.0245098039215688,0.0015345070775723002,0.0015366961875074026,0.722488038277512,0.9202551834130781,3023095145.5,3097190569.4722223
H2O_eq_HF,designed,316227766,12,17,0.0015366858598042654,1.0,17.333333333333332,1.0196078431372548,0.0015366824794327272,0.0015366871155364948,0.7980769230769231,0.9615384615384616,5375892213.0,5481301840.333333
H2O_eq_HF,designed,1000000000,12,17,0.0015366858598042654,1.0,17.0,1.0,0.001536686557507494,0.0015366949342876524,0.8823529411764706,1.0,17000020010.5,17000020008.083334
H2O_eq_HF,pilot,10000000,36,17,0.0015366858598042654,0.0,27.0,1.588235294117647,0.006904546385662513,0.008964929692609758,0.23765432098765432,0.3292181069958848,270031956.5,270031954.3888889
H2O_eq_HF,pilot,13335214,36,17,0.0015366858598042654,0.0,27.0,1.588235294117647,0.005983885157938573,0.00689186563026567,0.2952674897119342,0.3940329218106996,360082657.0,360082644.8333333
H2O_eq_HF,pilot,17782794,36,17,0.0015366858598042654,0.0,27.0,1.588235294117647,0.004108461863353341,0.005849984453462298,0.33641975308641975,0.46296296296296297,480167362.0,480167353.6666667
H2O_eq_HF,pilot,23713737,36,17,0.0015366858598042654,0.3888888888888889,25.61111111111111,1.5065359477124183,0.002375109485974747,0.003271866478648633,0.3915401301518438,0.5357917570498916,640302876.0,607365542.4166666
H2O_eq_HF,pilot,31622777,36,17,0.0015366858598042654,0.75,23.583333333333332,1.3872549019607843,0.0015119598546178281,0.002381661926442291,0.4840989399293286,0.64075382803298,758975029.0,745798449.2222222
H2O_eq_HF,pilot,42169650,36,17,0.0015366858598042654,0.9444444444444444,21.583333333333332,1.2696078431372548,0.0015051762779094702,0.0015287816249838215,0.546975546975547,0.7194337194337195,885587477.5,910187076.0833334
H2O_eq_HF,pilot,56234133,36,17,0.0015366858598042654,1.0,19.13888888888889,1.1258169934640523,0.0015175258553909998,0.0015290622731356507,0.625544267053701,0.8040638606676342,1068471052.5,1076281522.3333333
H2O_eq_HF,pilot,74989421,36,17,0.0015366858598042654,1.0,18.22222222222222,1.0718954248366013,0.0015183996503225217,0.001535595957072644,0.6935975609756098,0.8765243902439024,1349830871.5,1366495469.9444444
H2O_eq_HF,pilot,100000000,36,17,0.0015366858598042654,1.0,18.11111111111111,1.065359477124183,0.0015184030791530745,0.001536694307780806,0.7515337423312883,0.9156441717791411,1800021306.5,1811132514.2777777
H2O_eq_HF,pilot,133352143,36,17,0.0015366858598042654,1.0,17.72222222222222,1.0424836601307188,0.0015228517781054052,0.0015366934766660734,0.7633228840125392,0.9278996865203761,2400359780.5,2363317234.0277777
H2O_eq_HF,pilot,177827941,36,17,0.0015366858598042654,1.0,17.47222222222222,1.0277777777777777,0.0015355941877572832,0.001536691459627093,0.8044515103338633,0.9507154213036566,3023095147.0,3107069953.4166665
H2O_eq_HF,uniform,100000,12,17,0.0015366858598042654,0.0,27.0,1.588235294117647,0.04942694002462389,0.0494423843348855,0.0,0.0,2746926.0,2746926.0
H2O_eq_HF,uniform,316228,12,17,0.0015366858598042654,0.0,27.0,1.588235294117647,0.04943083384367242,0.049442688384934284,0.0,0.0,8560188.0,8560188.0
H2O_eq_HF,uniform,1000000,12,17,0.0015366858598042654,0.0,27.0,1.588235294117647,0.04942694002288306,0.049442457104821355,0.0,0.0,27022086.0,27022086.0
H2O_eq_HF,uniform,3162278,12,17,0.0015366858598042654,0.0,27.0,1.588235294117647,0.04943724023596019,0.04944268985718168,0.0,0.0,85410234.0,85410234.0
H2O_eq_HF,uniform,10000000,12,17,0.0015366858598042654,0.0,27.0,1.588235294117647,0.049429450131555086,0.04944834207097273,0.0030864197530864196,0.0030864197530864196,270029214.0,270029214.0
H2O_eq_HF,uniform,31622777,12,17,0.0015366858598042654,0.0,27.0,1.588235294117647,0.03317226445985,0.03319216473931448,0.07098765432098765,0.07098765432098765,853846812.0,853846812.0
H2O_eq_HF,uniform,100000000,12,17,0.0015366858598042654,0.0,27.0,1.588235294117647,0.01356831113579915,0.01982645189378758,0.21604938271604937,0.2808641975308642,2700036612.0,2700036612.0
H2O_eq_HF,uniform,316227766,12,17,0.0015366858598042654,0.0,27.0,1.588235294117647,0.0027967115828673172,0.005422747277637541,0.4783950617283951,0.558641975308642,8538212592.0,8538212592.0
H2O_eq_HF,uniform,1000000000,12,17,0.0015366858598042654,1.0,19.0,1.1176470588235294,0.0015183995632810365,0.0015184377707811337,0.8070175438596491,0.8947368421052632,18000031140.0,19000032870.0
H2O_stretch_HF,designed,100000,12,18,0.0014253260834777848,0.0,28.0,1.5555555555555556,0.25943093630222336,0.2594504705342587,0.008928571428571428,0.008928571428571428,2834636.0,2834507.75
H2O_stretch_HF,designed,316228,12,18,0.0014253260834777848,0.0,28.0,1.5555555555555556,0.19290035680802475,0.20286455788922098,0.017857142857142856,0.020833333333333332,8887813.5,8887767.5
H2O_stretch_HF,designed,1000000,12,18,0.0014253260834777848,0.0,28.0,1.5555555555555556,0.07731975723870477,0.11843831821139901,0.06845238095238096,0.08928571428571429,28033255.0,28033319.75
H2O_stretch_HF,designed,3162278,12,18,0.0014253260834777848,0.0,28.0,1.5555555555555556,0.03496011833524193,0.03792318319610075,0.11011904761904762,0.15773809523809523,88577004.5,88576932.16666667
H2O_stretch_HF,designed,10000000,12,18,0.0014253260834777848,0.0,28.0,1.5555555555555556,0.016478086119448676,0.03790289307665375,0.19345238095238096,0.23809523809523808,280033119.0,280033120.5
H2O_stretch_HF,designed,31622777,36,18,0.0014253260834777848,0.0,28.0,1.5555555555555556,0.002619324727625383,0.004147719462153532,0.2976190476190476,0.3819444444444444,885470642.5,885470659.6666666
H2O_stretch_HF,designed,42169650,36,18,0.0014253260834777848,0.027777777777777776,27.97222222222222,1.5540123456790123,0.0022840482530668282,0.003002103082607732,0.3326713008937438,0.4141012909632572,1180783263.0,1179611817.1388888
H2O_stretch_HF,designed,56234133,36,18,0.0014253260834777848,0.2222222222222222,27.416666666666668,1.5231481481481481,0.001839025769513114,0.0023630840136519282,0.3708206686930091,0.46504559270516715,1574588774.0,1541784883.3333333
H2O_stretch_HF,designed,74989421,36,18,0.0014253260834777848,0.5277777777777778,26.555555555555557,1.4753086419753088,0.0015587706184589933,0.0019729766910856483,0.3891213389121339,0.5031380753138075,2099736718.5,1991417086.3333333
H2O_stretch_HF,designed,100000000,36,18,0.0014253260834777848,0.8333333333333334,23.916666666666668,1.3287037037037037,0.0015170503501238386,0.00166728955954909,0.4634146341463415,0.5993031358885017,2400028149.5,2391694815.1944447
H2O_stretch_HF,designed,133352143,36,18,0.0014253260834777848,0.9166666666666666,22.22222222222222,1.2345679012345678,0.001490016704451591,0.0015766342872183259,0.53375,0.66125,2800419850.0,2963407194.0833335
H2O_stretch_HF,designed,177827941,36,18,0.0014253260834777848,0.9722222222222222,20.055555555555557,1.1141975308641976,0.0014613212948546561,0.0015412155361786972,0.6121883656509696,0.7548476454293629,3556582344.5,3566461793.5
H2O_stretch_HF,designed,237137371,36,18,0.0014253260834777848,1.0,19.77777777777778,1.0987654320987654,0.001472676713476062,0.0015615998397748854,0.6348314606741573,0.7837078651685393,4505632433.5,4690073469.027778
H2O_stretch_HF,designed,316227766,36,18,0.0014253260834777848,1.0,19.22222222222222,1.067901234567901,0.0014669301749563601,0.0015286016929252355,0.6748554913294798,0.8395953757225434,6008349912.5,6078623004.222222
H2O_stretch_HF,designed,421696503,36,18,0.0014253260834777848,1.0,18.77777777777778,1.0432098765432098,0.0014692044852679942,0.0015195109560437459,0.727810650887574,0.8816568047337278,7590558374.5,7918545386.805555
H2O_stretch_HF,designed,562341325,36,18,0.0014253260834777848,1.0,18.61111111111111,1.0339506172839505,0.001430903485477586,0.0014969981038674973,0.7343283582089553,0.908955223880597,10122165120.5,10465818804.38889
H2O_stretch_HF,designed,1000000000,12,18,0.0014253260834777848,1.0,18.166666666666668,1.0092592592592593,0.0014297992530956094,0.001517526296910887,0.7706422018348624,0.9541284403669725,18000021182.0,18166688042.5
H2O_stretch_HF,pilot,31622777,36,18,0.0014253260834777848,0.0,28.0,1.5555555555555556,0.005586035113552157,0.015647485262974214,0.3194444444444444,0.37202380952380953,885470787.0,885470780.8611112
H2O_stretch_HF,pilot,42169650,36,18,0.0014253260834777848,0.0,28.0,1.5555555555555556,0.004479206206617903,0.005361612610521149,0.3551587301587302,0.41865079365079366,1180783129.0,1180783129.3888888
H2O_stretch_HF,pilot,56234133,36,18,0.0014253260834777848,0.0,28.0,1.5555555555555556,0.00350628903464667,0.004469067249516456,0.37896825396825395,0.4623015873015873,1574588682.5,1574588662.3055556
H2O_stretch_HF,pilot,74989421,36,18,0.0014253260834777848,0.0,28.0,1.5555555555555556,0.0022676156827543537,0.002808585128114771,0.4156746031746032,0.501984126984127,2099736760.5,2099736753.1111112
H2O_stretch_HF,pilot,100000000,36,18,0.0014253260834777848,0.08333333333333333,27.694444444444443,1.53858024691358,0.001750120196412297,0.002175120056953972,0.4473420260782347,0.5436308926780341,2800032989.5,2769477066.25
H2O_stretch_HF,pilot,133352143,36,18,0.0014253260834777848,0.3333333333333333,27.13888888888889,1.507716049382716,0.0016685361565862422,0.0019352346749101912,0.4790174002047083,0.5875127942681678,3733892896.0,3619060891.0555553
H2O_stretch_HF,pilot,177827941,36,18,0.0014253260834777848,0.7777777777777778,24.36111111111111,1.353395061728395,0.001440564023027946,0.0016327454800517671,0.5678449258836944,0.6966932725199544,4267898815.0,4332114897.027778
H2O_stretch_HF,pilot,237137371,36,18,0.0014253260834777848,0.9722222222222222,22.02777777777778,1.2237654320987654,0.0014546732597793266,0.0015081532780385487,0.6443883984867591,0.7805800756620429,4979909523.0,5223635276.361111
H2O_stretch_HF,pilot,316227766,36,18,0.0014253260834777848,1.0,19.61111111111111,1.0895061728395061,0.0014661137675275882,0.0015128316805714803,0.7577903682719547,0.8881019830028328,6008350034.5,6201600964.694445
H2O_stretch_HF,pilot,421696503,36,18,0.0014253260834777848,1.0,19.36111111111111,1.0756172839506173,0.0014429730679808017,0.001516142934413267,0.7560975609756098,0.9139167862266858,8012255930.0,8164535647.444445
H2O_stretch_HF,pilot,562341325,36,18,0.0014253260834777848,1.0,18.72222222222222,1.0401234567901234,0.0014454604513076674,0.0014751414801992269,0.798219584569733,0.9525222551928784,10403336275.0,10528301285.38889
H2O_stretch_HF,uniform,100000,12,18,0.0014253260834777848,0.0,28.0,1.5555555555555556,0.2594380169101811,0.25945389749122255,0.0,0.0,2836624.0,2836624.0
H2O_stretch_HF,uniform,316228,12,18,0.0014253260834777848,0.0,28.0,1.5555555555555556,0.25944080402605607,0.2594538974912524,0.0,0.0,8905680.0,8905680.0
H2O_stretch_HF,uniform,1000000,12,18,0.0014253260834777848,0.0,28.0,1.5555555555555556,0.25943815030455397,0.2594538975307742,0.0,0.0,28036400.0,28036400.0
H2O_stretch_HF,uniform,3162278,12,18,0.0014253260834777848,0.0,28.0,1.5555555555555556,0.2594380051892813,0.2594538947155769,0.0,0.0,88595024.0,88595024.0
H2O_stretch_HF,uniform,10000000,12,18,0.0014253260834777848,0.0,28.0,1.5555555555555556,0.11910180142135118,0.18632374650560735,0.050595238095238096,0.05654761904761905,280034160.0,280034160.0
H2O_stretch_HF,uniform,31622777,12,18,0.0014253260834777848,0.0,28.0,1.5555555555555556,0.03524513533200491,0.07852584549149101,0.11607142857142858,0.13392857142857142,885488464.0,885488464.0
H2O_stretch_HF,uniform,100000000,12,18,0.0014253260834777848,0.0,28.0,1.5555555555555556,0.035240309173616424,0.035245158843943615,0.14285714285714285,0.14285714285714285,2800011760.0,2800011760.0
H2O_stretch_HF,uniform,316227766,12,18,0.0014253260834777848,0.0,28.0,1.5555555555555556,0.012916953918249874,0.01623686754445828,0.3244047619047619,0.3541666666666667,8854422864.0,8854422864.0
H2O_stretch_HF,uniform,1000000000,12,18,0.0014253260834777848,0.0,28.0,1.5555555555555556,0.0023333042456457065,0.0037983734736357637,0.4791666666666667,0.5208333333333334,28000051632.0,28000051632.0
H4_square_eq_side1p0_HF,designed,100,48,10,0.0010895443421805595,0.125,19.520833333333332,1.9520833333333332,0.08298814691580658,0.10764820817147511,0.08004268943436499,0.15901814300960512,2581.5,2519.9583333333335
H4_square_eq_side1p0_HF,designed,316,48,10,0.0010895443421805595,0.1875,19.416666666666668,1.9416666666666669,0.0763838009171004,0.08726734510056881,0.09120171673819742,0.17703862660944206,6798.5,6604.604166666667
H4_square_eq_side1p0_HF,designed,1000,48,10,0.0010895443421805595,0.3958333333333333,18.5,1.85,0.005145698801544585,0.07890858657075106,0.15878378378378377,0.2702702702702703,20514.5,18985.104166666668
H4_square_eq_side1p0_HF,designed,1778,96,10,0.0010895443421787832,0.7395833333333334,17.291666666666668,1.7291666666666667,0.0010895443421785611,0.00837699193499486,0.22108433734939759,0.35542168674698793,32474.0,31214.177083333332
H4_square_eq_side1p0_HF,designed,2371,96,10,0.0010895443421787832,0.8125,16.895833333333332,1.6895833333333332,0.001089544342178339,0.005389768378517346,0.249691738594328,0.3964241676942047,40751.5,40498.572916666664
H4_square_eq_side1p0_HF,designed,3162,96,10,0.0010895443421787832,0.90625,15.697916666666666,1.5697916666666667,0.001089544342177895,0.0011438650966810737,0.31320504313205044,0.45189117451891175,49441.5,50071.645833333336
H4_square_eq_side1p0_HF,designed,4217,96,10,0.0010895443421787832,0.9583333333333334,14.677083333333334,1.4677083333333334,0.001089544342178339,0.0010895443421796713,0.36621717530163234,0.5266146202980837,59406.5,62281.489583333336
H4_square_eq_side1p0_HF,designed,5623,96,10,0.0010895443421787832,1.0,13.104166666666666,1.3104166666666666,0.001089544342178117,0.0010895443421792272,0.4220985691573927,0.6176470588235294,73459.0,74045.83333333333
H4_square_eq_side1p0_HF,designed,7499,96,10,0.0010895443421787832,1.0,12.21875,1.221875,0.001089544342178117,0.0010895443421787832,0.514919011082694,0.7033248081841432,90316.0,91968.55208333333
H4_square_eq_side1p0_HF,designed,10000,96,10,0.0010895443421787832,1.0,11.416666666666666,1.1416666666666666,0.001089544342178006,0.0010895443421790052,0.5675182481751825,0.7782846715328468,110301.0,114478.83333333333
H4_square_eq_side1p0_HF,designed,13335,96,10,0.0010895443421787832,1.0,10.927083333333334,1.0927083333333334,0.001089544342178006,0.0010895443421792272,0.6167778836987607,0.8312678741658722,146965.5,145999.08333333334
H4_square_eq_side1p0_HF,designed,17783,96,10,0.0010895443421787832,1.0,10.416666666666666,1.0416666666666665,0.001089544342177895,0.0010895443421791162,0.641,0.879,178094.0,185511.0625
H4_square_eq_side1p0_HF,designed,23714,96,10,0.0010895443421787832,1.0,10.208333333333334,1.0208333333333335,0.001089544342177895,0.0010895443421788942,0.6908163265306122,0.9244897959183673,237405.0,242349.625
H4_square_eq_side1p0_HF,designed,31623,96,10,0.0010895443421787832,1.0,10.09375,1.009375,0.001089544342177895,0.0010895443421787832,0.7131062951496389,0.9484004127966976,316510.0,319476.9791666667
H4_square_eq_side1p0_HF,designed,42170,96,10,0.0010895443421787832,1.0,10.041666666666666,1.0041666666666667,0.001089544342177895,0.0010895443421788942,0.7261410788381742,0.9450207468879668,421967.0,423725.34375
H4_square_eq_side1p0_HF,designed,56234,96,10,0.0010895443421787832,1.0,10.010416666666666,1.0010416666666666,0.001089544342178117,0.0010895443421791162,0.7658688865764828,0.9708636836628513,562611.0,563198.1979166666
H4_square_eq_side1p0_HF,designed,74989,96,10,0.0010895443421787832,1.0,10.0,1.0,0.001089544342178117,0.0010895443421795603,0.7822916666666667,0.9677083333333333,750157.0,750157.34375
H4_square_eq_side1p0_HF,designed,100000,96,10,0.0010895443421787832,1.0,10.0,1.0,0.001089544342177895,0.0010895443421792272,0.7541666666666667,0.9822916666666667,1000258.0,1000257.4895833334
H4_square_eq_side1p0_HF,designed,316228,48,10,0.0010895443421805595,1.0,10.0,1.0,0.0010895443421794493,0.0010895443421805595,0.8479166666666667,0.9958333333333333,3162553.0,3162553.1041666665
H4_square_eq_side1p0_HF,designed,1000000,48,10,0.0010895443421805595,1.0,10.0,1.0,0.0010895443421792272,0.0010895443421798934,0.9354166666666667,1.0,10000259.5,10000258.229166666
H4_square_eq_side1p0_HF,designed,3162278,48,10,0.0010895443421805595,1.0,10.0,1.0,0.0010895443421794493,0.0010895443421805595,0.95,1.0,31623047.0,31623046.5
H4_square_eq_side1p0_HF,designed,10000000,48,10,0.0010895443421805595,1.0,10.0,1.0,0.0010895443421794493,0.0010895443421805595,0.9729166666666667,1.0,100000255.0,100000255.47916667
H4_square_eq_side1p0_HF,pilot,1778,96,10,0.0010895443421787832,0.6145833333333334,17.9375,1.79375,0.0010895443421787832,0.07638380091713304,0.1759581881533101,0.30662020905923343,34273.0,32345.072916666668
H4_square_eq_side1p0_HF,pilot,2371,96,10,0.0010895443421787832,0.7708333333333334,16.625,1.6625,0.0010895443421787832,0.005676430908437835,0.2362155388471178,0.38095238095238093,40741.0,39840.958333333336
H4_square_eq_side1p0_HF,pilot,3162,96,10,0.0010895443421787832,0.8541666666666666,16.052083333333332,1.6052083333333331,0.001089544342178339,0.004853255809587953,0.27709279688513955,0.4380272550292018,50999.5,51167.84375
H4_square_eq_side1p0_HF,pilot,4217,96,10,0.0010895443421787832,0.9479166666666666,13.770833333333334,1.3770833333333334,0.001089544342178228,0.0010895443421796713,0.3956127080181543,0.5801815431164902,55159.0,58425.427083333336
H4_square_eq_side1p0_HF,pilot,5623,96,10,0.0010895443421787832,1.0,12.916666666666666,1.2916666666666665,0.001089544342178339,0.0010895443421792272,0.45,0.6491935483870968,67800.5,72967.20833333333
H4_square_eq_side1p0_HF,pilot,7499,96,10,0.0010895443421787832,1.0,12.114583333333334,1.2114583333333333,0.001089544342178006,0.0010895443421792272,0.48409286328460877,0.7214101461736887,90290.5,91160.79166666667
H4_square_eq_side1p0_HF,pilot,10000,96,10,0.0010895443421787832,1.0,11.427083333333334,1.1427083333333334,0.001089544342177895,0.0010895443421787832,0.5642661804922516,0.7739288969917958,110288.5,114568.89583333333
H4_square_eq_side1p0_HF,pilot,13335,96,10,0.0010895443421787832,1.0,10.760416666666666,1.0760416666666666,0.001089544342177895,0.0010895443421792272,0.6040658276863504,0.8354307841239109,133618.5,143770.8125
H4_square_eq_side1p0_HF,pilot,17783,96,10,0.0010895443421787832,1.0,10.302083333333334,1.0302083333333334,0.001089544342178117,0.0010895443421787832,0.6653185035389282,0.9049544994944388,178095.5,183471.85416666666
H4_square_eq_side1p0_HF,pilot,23714,96,10,0.0010895443421787832,1.0,10.3125,1.03125,0.001089544342177895,0.0010895443421790052,0.6858585858585858,0.9202020202020202,237406.0,244822.30208333334
H4_square_eq_side1p0_HF,pilot,31623,96,10,0.0010895443421787832,1.0,10.072916666666666,1.0072916666666667,0.001089544342177895,0.0010895443421787832,0.704239917269907,0.9462254395036195,316492.5,318800.21875
H4_square_eq_side1p0_HF,pilot,42170,96,10,0.0010895443421787832,1.0,10.020833333333334,1.0020833333333334,0.001089544342177895,0.0010895443421792272,0.7536382536382537,0.9604989604989606,421964.0,422842.71875
H4_square_eq_side1p0_HF,pilot,56234,96,10,0.0010895443421787832,1.0,10.0,1.0,0.001089544342177895,0.0010895443421787832,0.7885416666666667,0.9739583333333334,562603.0,562603.4375
H4_square_eq_side1p0_HF,pilot,74989,96,10,0.0010895443421787832,1.0,10.0,1.0,0.001089544342178117,0.0010895443421792272,0.78125,0.9770833333333333,750153.0,750152.625
H4_square_eq_side1p0_HF,pilot,100000,96,10,0.0010895443421787832,1.0,10.0,1.0,0.001089544342177895,0.0010895443421791162,0.803125,0.9822916666666667,1000264.0,1000264.4479166666
H4_square_eq_side1p0_HF,uniform,100,48,10,0.0010895443421805595,0.0,20.0,2.0,0.1316471842440815,0.137484684743145,0.026041666666666668,0.06354166666666666,2120.0,2120.0
H4_square_eq_side1p0_HF,uniform,316,48,10,0.0010895443421805595,0.041666666666666664,20.0,2.0,0.09840183554454207,0.12250713172482565,0.058333333333333334,0.11041666666666666,6360.0,6360.0
H4_square_eq_side1p0_HF,uniform,1000,48,10,0.0010895443421805595,0.125,19.854166666666668,1.9854166666666668,0.013447365768310293,0.09084907149519722,0.10283315844700944,0.1888772298006296,20140.0,19993.145833333332
H4_square_eq_side1p0_HF,uniform,3162,48,10,0.0010895443421805595,0.3333333333333333,18.916666666666668,1.8916666666666668,0.005414173693539803,0.008376991934993994,0.21145374449339208,0.33370044052863435,63600.0,60155.0
H4_square_eq_side1p0_HF,uniform,10000,48,10,0.0010895443421805595,0.9375,13.229166666666666,1.3229166666666665,0.0010895443421790052,0.001089544342312365,0.42992125984251967,0.631496062992126,130221.0,132516.5625
H4_square_eq_side1p0_HF,uniform,31623,48,10,0.0010895443421805595,1.0,10.729166666666666,1.0729166666666665,0.0010895443421790052,0.0010895443421798934,0.6601941747572816,0.8699029126213592,316410.0,339481.5625
H4_square_eq_side1p0_HF,uniform,100000,48,10,0.0010895443421805595,1.0,10.0,1.0,0.0010895443421788942,0.0010895443421798934,0.7833333333333333,0.9791666666666666,1000110.0,1000110.0
H4_square_eq_side1p0_HF,uniform,316228,48,10,0.0010895443421805595,1.0,10.0,1.0,0.0010895443421790052,0.0010895443421805595,0.8479166666666667,0.9916666666666667,3162510.0,3162510.0
H4_square_eq_side1p0_HF,uniform,1000000,48,10,0.0010895443421805595,1.0,10.0,1.0,0.0010895443421790052,0.0010895443421805595,0.9020833333333333,1.0,10000040.0,10000040.0
H4_square_eq_side1p0_HF,uniform,3162278,48,10,0.0010895443421805595,1.0,10.0,1.0,0.0010895443421794493,0.0010895443421800933,0.9395833333333333,1.0,31622980.0,31622980.0
H4_square_eq_side1p0_HF,uniform,10000000,48,10,0.0010895443421805595,1.0,10.0,1.0,0.0010895443421794493,0.0010895443421805595,0.9645833333333333,1.0,100000400.0,100000400.0
H4_square_stretch_side2p0_HF,designed,100,48,10,0.003220397597392566,0.16666666666666666,19.6875,1.96875,0.017097202304481973,0.03923096145670309,0.12804232804232804,0.19682539682539682,2516.0,2480.5
H4_square_stretch_side2p0_HF,designed,316,48,10,0.003220397597392566,0.20833333333333334,19.541666666666668,1.9541666666666668,0.017528068678506425,0.04143512312353959,0.1695095948827292,0.2420042643923241,6877.5,6718.0625
H4_square_stretch_side2p0_HF,designed,1000,48,10,0.003220397597392566,0.4166666666666667,18.645833333333332,1.8645833333333333,0.005145879400605624,0.03809647041777544,0.2245810055865922,0.31731843575418994,20514.5,19141.229166666668
H4_square_stretch_side2p0_HF,designed,3162,48,10,0.003220397597392566,0.4791666666666667,18.020833333333332,1.8020833333333333,0.004788536686283429,0.0051875286146156,0.2971098265895954,0.40115606936416187,63759.5,57463.541666666664
H4_square_stretch_side2p0_HF,designed,10000,48,10,0.003220397597392566,0.7916666666666666,15.8125,1.58125,0.003220397597392566,0.005187528614615022,0.4018445322793149,0.5335968379446641,155418.5,158549.66666666666
H4_square_stretch_side2p0_HF,designed,31623,96,10,0.0032203975973907895,0.8645833333333334,14.364583333333334,1.4364583333333334,0.0032203975973912335,0.005104230186596004,0.536620739666425,0.6410442349528644,427276.5,454646.40625
H4_square_stretch_side2p0_HF,designed,42170,96,10,0.0032203975973907895,0.9375,13.447916666666666,1.3447916666666666,0.0032203975973910115,0.003220397597392455,0.616576297443842,0.6979085979860573,548570.0,567474.90625
H4_square_stretch_side2p0_HF,designed,56234,96,10,0.0032203975973907895,1.0,13.135416666666666,1.3135416666666666,0.0032203975973912335,0.0032203975973918997,0.6613798572561459,0.7351308485329104,703260.0,739007.3541666666
H4_square_stretch_side2p0_HF,designed,74989,96,10,0.0032203975973907895,1.0,12.25,1.225,0.0032203975973912335,0.0032203975973921217,0.7142857142857143,0.7950680272108843,900191.5,918947.6979166666
H4_square_stretch_side2p0_HF,designed,100000,96,10,0.0032203975973907895,1.0,11.822916666666666,1.1822916666666665,0.0032203975973912335,0.0032203975973921217,0.7682819383259912,0.8361233480176211,1100285.5,1182596.25
H4_square_stretch_side2p0_HF,designed,133352,96,10,0.0032203975973907895,1.0,11.0,1.1,0.0032203975973912335,0.0032203975973917887,0.8248106060606061,0.8986742424242424,1467152.0,1467156.96875
H4_square_stretch_side2p0_HF,designed,177828,96,10,0.0032203975973907895,1.0,10.864583333333334,1.0864583333333333,0.0032203975973912335,0.0032203975973918997,0.8552253116011506,0.9194630872483222,1956409.0,1932333.0625
H4_square_stretch_side2p0_HF,designed,237137,96,10,0.0032203975973907895,1.0,10.458333333333334,1.0458333333333334,0.0032203975973912335,0.0032203975973921217,0.8814741035856574,0.9551792828685259,2371636.0,2480332.40625
H4_square_stretch_side2p0_HF,designed,316228,96,10,0.0032203975973907895,1.0,10.166666666666666,1.0166666666666666,0.0032203975973912335,0.0032203975973916776,0.9221311475409836,0.9836065573770492,3162537.0,3215244.7604166665
H4_square_stretch_side2p0_HF,designed,421697,96,10,0.0032203975973907895,1.0,10.166666666666666,1.0166666666666666,0.0032203975973913446,0.0032203975973916776,0.9180327868852459,0.9836065573770492,4217236.0,4287520.927083333
H4_square_stretch_side2p0_HF,designed,562341,96,10,0.0032203975973907895,1.0,10.041666666666666,1.0041666666666667,0.0032203975973914556,0.0032203975973914556,0.9304979253112033,0.995850622406639,5623672.0,5647103.5
H4_square_stretch_side2p0_HF,designed,749894,96,10,0.0032203975973907895,1.0,10.010416666666666,1.0010416666666666,0.0032203975973914556,0.0032203975973921217,0.9448491155046826,0.9989594172736732,7499202.0,7507013.645833333
H4_square_stretch_side2p0_HF,designed,1000000,96,10,0.0032203975973907895,1.0,10.0,1.0,0.0032203975973912335,0.0032203975973916776,0.940625,1.0,10000259.0,10000259.239583334
H4_square_stretch_side2p0_HF,designed,1333521,96,10,0.0032203975973907895,1.0,10.0,1.0,0.0032203975973914556,0.0032203975973921217,0.94375,1.0,13335469.0,13335469.583333334
H4_square_stretch_side2p0_HF,designed,1778279,96,10,0.0032203975973907895,1.0,10.0,1.0,0.0032203975973912335,0.0032203975973914556,0.9520833333333333,1.0,17783053.0,17783052.385416668
H4_square_stretch_side2p0_HF,designed,2371374,96,10,0.0032203975973907895,1.0,10.0,1.0,0.0032203975973914556,0.0032203975973918997,0.9583333333333334,1.0,23713999.0,23713999.572916668
H4_square_stretch_side2p0_HF,designed,3162278,96,10,0.0032203975973907895,1.0,10.0,1.0,0.0032203975973914556,0.0032203975973921217,0.9520833333333333,1.0,31623040.0,31623040.71875
H4_square_stretch_side2p0_HF,designed,10000000,48,10,0.003220397597392566,1.0,10.0,1.0,0.003220397597392566,0.0032203975973932987,0.9666666666666667,1.0,100000263.0,100000263.41666667
H4_square_stretch_side2p0_HF,pilot,31623,96,10,0.0032203975973907895,0.875,14.864583333333334,1.4864583333333334,0.0032203975973912335,0.005145879400605624,0.5339873861247372,0.6194814295725298,474733.0,470454.40625
H4_square_stretch_side2p0_HF,pilot,42170,96,10,0.0032203975973907895,0.9375,13.96875,1.396875,0.0032203975973911225,0.0032203975973921217,0.598806860551827,0.674123788217748,548557.0,589431.5729166666
H4_square_stretch_side2p0_HF,pilot,56234,96,10,0.0032203975973907895,0.9583333333333334,13.104166666666666,1.3104166666666666,0.0032203975973912335,0.0032203975973921217,0.6565977742448331,0.7305246422893482,675127.5,737244.8541666666
H4_square_stretch_side2p0_HF,pilot,74989,96,10,0.0032203975973907895,0.9583333333333334,12.614583333333334,1.2614583333333333,0.0032203975973912335,0.0032203975973921217,0.7159372419488026,0.7737407101568952,900178.5,946286.75
H4_square_stretch_side2p0_HF,pilot,100000,96,10,0.0032203975973907895,1.0,11.604166666666666,1.1604166666666667,0.0032203975973912335,0.0032203975973921217,0.7917414721723519,0.8464991023339318,1100295.0,1160722.0520833333
H4_square_stretch_side2p0_HF,pilot,133352,96,10,0.0032203975973907895,1.0,11.125,1.1125,0.0032203975973914556,0.0032203975973920107,0.8361423220973783,0.8951310861423221,1467157.0,1483833.6666666667
H4_square_stretch_side2p0_HF,pilot,177828,96,10,0.0032203975973907895,1.0,10.84375,1.084375,0.0032203975973914556,0.0032203975973921217,0.8587896253602305,0.9221902017291066,1778549.0,1928608.0833333333
H4_square_stretch_side2p0_HF,pilot,237137,96,10,0.0032203975973907895,1.0,10.520833333333334,1.0520833333333335,0.0032203975973912335,0.0032203975973916776,0.8712871287128713,0.9495049504950495,2371636.0,2495155.5833333335
H4_square_stretch_side2p0_HF,pilot,316228,96,10,0.0032203975973907895,1.0,10.1875,1.01875,0.0032203975973912335,0.0032203975973918997,0.918200408997955,0.9815950920245399,3162545.0,3221841.0
H4_square_stretch_side2p0_HF,pilot,421697,96,10,0.0032203975973907895,1.0,10.104166666666666,1.0104166666666665,0.0032203975973914556,0.0032203975973916776,0.9216494845360824,0.9896907216494846,4217234.0,4261162.208333333
H4_square_stretch_side2p0_HF,pilot,562341,96,10,0.0032203975973907895,1.0,10.020833333333334,1.0020833333333334,0.0032203975973914556,0.0032203975973918997,0.9272349272349273,0.997920997920998,5623673.0,5635388.854166667
H4_square_stretch_side2p0_HF,pilot,749894,96,10,0.0032203975973907895,1.0,10.010416666666666,1.0010416666666666,0.0032203975973914556,0.0032203975973921217,0.9406867845993756,0.9989594172736732,7499202.0,7507013.78125
H4_square_stretch_side2p0_HF,pilot,1000000,96,10,0.0032203975973907895,1.0,10.0,1.0,0.0032203975973914556,0.0032203975973916776,0.940625,1.0,10000263.0,10000262.645833334
H4_square_stretch_side2p0_HF,pilot,1333521,96,10,0.0032203975973907895,1.0,10.0,1.0,0.0032203975973914556,0.0032203975973921217,0.940625,1.0,13335471.0,13335471.447916666
H4_square_stretch_side2p0_HF,pilot,1778279,96,10,0.0032203975973907895,1.0,10.0,1.0,0.0032203975973914556,0.0032203975973921217,0.959375,1.0,17783054.0,17783053.9375
H4_square_stretch_side2p0_HF,pilot,2371374,96,10,0.0032203975973907895,1.0,10.0,1.0,0.0032203975973914556,0.0032203975973916776,0.953125,1.0,23714002.0,23714002.635416668
H4_square_stretch_side2p0_HF,pilot,3162278,96,10,0.0032203975973907895,1.0,10.0,1.0,0.0032203975973914556,0.0032203975973918997,0.9604166666666667,1.0,31623042.0,31623042.28125
H4_square_stretch_side2p0_HF,uniform,100,48,10,0.003220397597392566,0.0,20.0,2.0,0.021082797054286284,0.0640347493855103,0.10208333333333333,0.159375,2120.0,2120.0
H4_square_stretch_side2p0_HF,uniform,316,48,10,0.003220397597392566,0.041666666666666664,20.0,2.0,0.02038349691754271,0.04612643941226082,0.14375,0.22083333333333333,6360.0,6360.0
H4_square_stretch_side2p0_HF,uniform,1000,48,10,0.003220397597392566,0.10416666666666667,19.6875,1.96875,0.017323222655244552,0.03618963547990163,0.17671957671957672,0.2656084656084656,20140.0,19825.3125
H4_square_stretch_side2p0_HF,uniform,3162,48,10,0.003220397597392566,0.14583333333333334,19.416666666666668,1.9416666666666669,0.005187528614615355,0.02131230245312745,0.2575107296137339,0.33583690987124465,63600.0,61745.0
H4_square_stretch_side2p0_HF,uniform,10000,48,10,0.003220397597392566,0.3333333333333333,18.645833333333332,1.8645833333333333,0.005145879400605957,0.005187528614616044,0.3240223463687151,0.40558659217877097,200340.0,186775.3125
H4_square_stretch_side2p0_HF,uniform,31623,48,10,0.003220397597392566,0.7083333333333334,15.770833333333334,1.5770833333333334,0.003220397597392566,0.0051875286146159105,0.5072655217965654,0.5653896961690885,506256.0,499004.9375
H4_square_stretch_side2p0_HF,uniform,100000,48,10,0.003220397597392566,0.9791666666666666,12.5625,1.25625,0.003220397597392455,0.003220397597393454,0.7131011608623549,0.7827529021558872,1200132.0,1256388.1875
H4_square_stretch_side2p0_HF,uniform,316228,48,10,0.003220397597392566,1.0,10.125,1.0125,0.003220397597392566,0.003220397597393454,0.9300411522633745,0.98559670781893,3162510.0,3202041.375
H4_square_stretch_side2p0_HF,uniform,1000000,48,10,0.003220397597392566,1.0,10.0,1.0,0.003220397597392788,0.003220397597393454,0.9666666666666667,1.0,10000040.0,10000040.0
H4_square_stretch_side2p0_HF,uniform,3162278,48,10,0.003220397597392566,1.0,10.0,1.0,0.003220397597392677,0.003220397597393454,0.9770833333333333,1.0,31622980.0,31622980.0
H4_square_stretch_side2p0_HF,uniform,10000000,48,10,0.003220397597392566,1.0,10.0,1.0,0.003220397597392566,0.003220397597393454,0.9875,1.0,100000400.0,100000400.0
LiH_R1p6_HF,designed,1000,30,5,0.0015282409096917249,0.0,15.0,3.0,0.020412685285786658,0.020442387563262533,0.0,0.0,25935.0,25935.0
LiH_R1p6_HF,designed,3162,30,5,0.0015282409096917249,0.0,15.0,3.0,0.02041364577593452,0.02044083906162104,0.0,0.0,55815.0,55815.0
LiH_R1p6_HF,designed,10000,30,5,0.0015282409096917249,0.0,15.0,3.0,0.020410487023537094,0.020457571694064924,0.006666666666666667,0.006666666666666667,157515.0,157511.13333333333
LiH_R1p6_HF,designed,31623,30,5,0.0015282409096917249,0.0,15.0,3.0,0.005871488376000489,0.020417024737957236,0.051111111111111114,0.051111111111111114,481865.0,481870.3
LiH_R1p6_HF,designed,100000,30,5,0.0015282409096917249,0.0,15.0,3.0,0.005797773714261822,0.005887819331068034,0.07333333333333333,0.08,1507265.0,1507266.0
LiH_R1p6_HF,designed,316228,60,5,0.0015282409096917249,0.0,15.0,3.0,0.0038910934133720154,0.005800764867787222,0.11333333333333333,0.1322222222222222,4750751.0,4750751.15
LiH_R1p6_HF,designed,421697,60,5,0.0015282409096917249,0.03333333333333333,14.933333333333334,2.986666666666667,0.002209952570837892,0.0039541305456223695,0.16294642857142858,0.17299107142857142,6332654.0,6304517.85
LiH_R1p6_HF,designed,562341,60,5,0.0015282409096917249,0.06666666666666667,14.816666666666666,2.9633333333333334,0.002105706723125156,0.003875951808261657,0.19122609673790777,0.2092238470191226,8442369.5,8339183.283333333
LiH_R1p6_HF,designed,749894,60,5,0.0015282409096917249,0.15,14.6,2.92,0.0020990700951792896,0.002186204209357623,0.22602739726027396,0.23858447488584475,11255674.0,10955526.133333333
LiH_R1p6_HF,designed,1000000,60,5,0.0015282409096917249,0.35,13.983333333333333,2.7966666666666664,0.002064839146661779,0.0021206225631316576,0.2562574493444577,0.2765196662693683,15007307.5,13990154.383333333
LiH_R1p6_HF,designed,1333521,60,5,0.0015282409096917249,0.6666666666666666,11.8,2.3600000000000003,0.00156547438004484,0.0020841197096458154,0.327683615819209,0.3587570621468927,16675098.0,15741280.1
LiH_R1p6_HF,designed,1778279,60,5,0.0015282409096917249,0.9166666666666666,8.783333333333333,1.7566666666666666,0.0015441265311624264,0.0015912818527141325,0.44212523719165087,0.4971537001897533,14230252.0,15623627.0
LiH_R1p6_HF,designed,2371374,60,5,0.0015282409096917249,1.0,7.05,1.41,0.0015282409096917249,0.001565926450587618,0.5626477541371159,0.6217494089834515,15417112.5,16721637.9
LiH_R1p6_HF,designed,3162278,60,5,0.0015282409096917249,1.0,5.866666666666666,1.1733333333333333,0.001535254545507403,0.001565926450587618,0.6789772727272727,0.7585227272727273,15813872.0,18554924.1
LiH_R1p6_HF,designed,4216965,60,5,0.0015282409096917249,1.0,5.333333333333333,1.0666666666666667,0.0015282409096917249,0.0015659264505868188,0.753125,0.865625,21087303.0,22493122.466666665
LiH_R1p6_HF,designed,5623413,60,5,0.0015282409096917249,1.0,5.25,1.05,0.0015282409096917249,0.001565926450587618,0.7682539682539683,0.8603174603174604,28119496.0,29525460.833333332
LiH_R1p6_HF,designed,10000000,30,5,0.0015282409096917249,1.0,5.033333333333333,1.0066666666666666,0.0015281444468060457,0.0015659264505859306,0.7748344370860927,0.8940397350993378,50002458.0,50335806.63333333
LiH_R1p6_HF,designed,31622777,30,5,0.0015282409096917249,1.0,5.0,1.0,0.0015282409096917249,0.001565926450587618,0.8866666666666667,0.9866666666666667,158116317.0,158116312.7
LiH_R1p6_HF,designed,100000000,30,5,0.0015282409096917249,1.0,5.0,1.0,0.0015659264505840653,0.0015659264505867299,0.8866666666666667,0.9666666666666667,500002466.0,500002455.23333335
LiH_R1p6_HF,designed,316227766,30,5,0.0015282409096917249,1.0,5.0,1.0,0.0015282409096917249,0.0015659264505867299,0.9533333333333334,1.0,1581141279.0,1581141274.7
LiH_R1p6_HF,designed,1000000000,30,5,0.0015282409096917249,1.0,5.0,1.0,0.0015282409096917249,0.001532009463780959,0.98,1.0,5000002458.0,5000002462.0
LiH_R1p6_HF,pilot,316228,60,5,0.0015282409096917249,0.0,15.0,3.0,0.005773311644962309,0.0058665786391968846,0.08,0.09444444444444444,4750759.0,4750759.8
LiH_R1p6_HF,pilot,421697,60,5,0.0015282409096917249,0.0,15.0,3.0,0.0038909921431007355,0.00578406462952108,0.12111111111111111,0.12777777777777777,6332775.5,6332774.866666666
LiH_R1p6_HF,pilot,562341,60,5,0.0015282409096917249,0.0,15.0,3.0,0.002184980384781543,0.0039393102990619155,0.16555555555555557,0.17777777777777778,8442428.0,8442428.45
LiH_R1p6_HF,pilot,749894,60,5,0.0015282409096917249,0.03333333333333333,15.0,3.0,0.0021052356382567083,0.002364289596496507,0.1988888888888889,0.2088888888888889,11255751.5,11255743.566666666
LiH_R1p6_HF,pilot,1000000,60,5,0.0015282409096917249,0.13333333333333333,14.45,2.8899999999999997,0.002091911382873679,0.002146780757419986,0.23875432525951557,0.2502883506343714,15007299.5,14457037.9
LiH_R1p6_HF,pilot,1333521,60,5,0.0015282409096917249,0.23333333333333334,13.966666666666667,2.7933333333333334,0.0020808465286084044,0.002106177035715273,0.26730310262529833,0.2732696897374702,20010154.5,18631695.566666666
LiH_R1p6_HF,pilot,1778279,60,5,0.0015282409096917249,0.65,11.833333333333334,2.3666666666666667,0.0015545703446799841,0.0020872734083678957,0.33380281690140845,0.36338028169014086,22234614.0,21048773.583333332
LiH_R1p6_HF,pilot,2371374,60,5,0.0015282409096917249,0.9333333333333333,8.166666666666666,1.6333333333333333,0.0015374795549578657,0.0015670158421136726,0.5163265306122449,0.5693877551020409,16603085.5,19370209.916666668
LiH_R1p6_HF,pilot,3162278,60,5,0.0015282409096917249,1.0,6.133333333333334,1.2266666666666668,0.001542790115783621,0.001565926450587618,0.6739130434782609,0.7472826086956522,18976605.0,19398312.0
LiH_R1p6_HF,pilot,4216965,60,5,0.0015282409096917249,1.0,5.5,1.1,0.0015482754435116597,0.001565926450587618,0.7393939393939394,0.8363636363636363,21087290.5,23195994.616666667
LiH_R1p6_HF,pilot,5623413,60,5,0.0015282409096917249,1.0,5.183333333333334,1.0366666666666666,0.0015578171399646124,0.001565926450587618,0.7717041800643086,0.887459807073955,28119517.0,29150563.7
LiH_R1p6_HF,uniform,1000,30,5,0.0015282409096917249,0.0,15.0,3.0,0.02035260972622588,0.020412858344364616,0.0,0.0,29400.0,29400.0
LiH_R1p6_HF,uniform,3162,30,5,0.0015282409096917249,0.0,15.0,3.0,0.020352442478332566,0.02043072533901551,0.0,0.0,58800.0,58800.0
LiH_R1p6_HF,uniform,10000,30,5,0.0015282409096917249,0.0,15.0,3.0,0.02035813299030176,0.02042849750743958,0.0,0.0,161700.0,161700.0
LiH_R1p6_HF,uniform,31623,30,5,0.0015282409096917249,0.0,15.0,3.0,0.0203524348186348,0.020424251293586337,0.0,0.0,485100.0,485100.0
LiH_R1p6_HF,uniform,100000,30,5,0.0015282409096917249,0.0,15.0,3.0,0.02036903446832028,0.020440165048525926,0.0022222222222222222,0.0022222222222222222,1514100.0,1514100.0
LiH_R1p6_HF,uniform,316228,30,5,0.0015282409096917249,0.0,15.0,3.0,0.005783386980951377,0.00587050750564595,0.06444444444444444,0.06444444444444444,4748100.0,4748100.0
LiH_R1p6_HF,uniform,1000000,30,5,0.0015282409096917249,0.0,15.0,3.0,0.005774206462910936,0.005870695234806078,0.06666666666666667,0.06666666666666667,15008700.0,15008700.0
LiH_R1p6_HF,uniform,3162278,30,5,0.0015282409096917249,0.1,14.866666666666667,2.9733333333333336,0.0032685080623311435,0.0038810754811174244,0.13452914798206278,0.1591928251121076,47436900.0,47015238.666666664
LiH_R1p6_HF,uniform,10000000,30,5,0.0015282409096917249,0.7666666666666667,11.2,2.2399999999999998,0.0015477034195621187,0.0020872208419666196,0.3482142857142857,0.39880952380952384,110009900.0,112010080.0
LiH_R1p6_HF,uniform,31622777,30,5,0.0015282409096917249,1.0,5.5,1.1,0.0015282409096917249,0.0015659264505868188,0.7393939393939394,0.8181818181818182,158118100.0,173929910.0
LiH_R1p6_HF,uniform,100000000,30,5,0.0015282409096917249,1.0,5.0,1.0,0.0015282409096917249,0.001565926450587618,0.8866666666666667,0.9533333333333334,500000900.0,500000900.0
LiH_R1p6_HF,uniform,316227766,30,5,0.0015282409096917249,1.0,5.0,1.0,0.0015282409096917249,0.001532009463780959,0.9466666666666667,0.9933333333333333,1581141800.0,1581141800.0
LiH_R1p6_HF,uniform,1000000000,30,5,0.0015282409096917249,1.0,5.0,1.0,0.0015282409096917249,0.001532009463780959,0.96,1.0,5000004100.0,5000004100.0
LiH_R3p0_HF,designed,1000,30,6,0.0006843313945408269,0.0,16.0,2.6666666666666665,0.0879623660652431,0.08799500322778195,0.0,0.0,27600.0,27600.0
LiH_R3p0_HF,designed,3162,30,6,0.0006843313945408269,0.0,16.0,2.6666666666666665,0.08796396281854779,0.08799361801987989,0.0,0.0,59600.0,59600.0
LiH_R3p0_HF,designed,10000,30,6,0.0006843313945408269,0.0,16.0,2.6666666666666665,0.08795037085040436,0.08798407945236023,0.0020833333333333333,0.0020833333333333333,167920.0,167918.6
LiH_R3p0_HF,designed,31623,30,6,0.0006843313945408269,0.0,16.0,2.6666666666666665,0.054571751405468216,0.08796981877826511,0.035416666666666666,0.035416666666666666,514079.0,514075.86666666664
LiH_R3p0_HF,designed,100000,30,6,0.0006843313945408269,0.0,16.0,2.6666666666666665,0.035997333920410046,0.03609751631676357,0.12916666666666668,0.15,1607894.0,1607902.3666666667
LiH_R3p0_HF,designed,316228,30,6,0.0006843313945408269,0.0,16.0,2.6666666666666665,0.005707222164102355,0.005781715065345594,0.22708333333333333,0.25625,5067462.5,5067460.6
LiH_R3p0_HF,designed,1000000,60,6,0.0006843313945408269,0.06666666666666667,15.683333333333334,2.613888888888889,0.00567570409039897,0.005750752083248667,0.24017003188097769,0.28480340063761955,16007910.0,15691078.45
LiH_R3p0_HF,designed,1333521,60,6,0.0006843313945408269,0.13333333333333333,15.5,2.5833333333333335,0.003119529906008278,0.005699430110318371,0.2709677419354839,0.3118279569892473,21344198.5,20677219.1
LiH_R3p0_HF,designed,1778279,60,6,0.0006843313945408269,0.25,15.083333333333334,2.513888888888889,0.0030784993410062356,0.0031120230260330397,0.2795580110497238,0.34585635359116024,28460175.5,26829701.066666666
LiH_R3p0_HF,designed,2371374,60,6,0.0006843313945408269,0.6166666666666667,12.95,2.158333333333333,0.0006762983031287639,0.003085208006814977,0.36036036036036034,0.435006435006435,33206129.5,30715649.066666666
LiH_R3p0_HF,designed,3162278,60,6,0.0006843313945408269,0.8833333333333333,10.65,1.7750000000000001,0.0006406019423721432,0.002551385723638422,0.49295774647887325,0.5524256651017214,31627724.5,33683521.5
LiH_R3p0_HF,designed,4216965,60,6,0.0006843313945408269,1.0,8.583333333333334,1.4305555555555556,0.000655054621281348,0.0006843313945337215,0.6135922330097088,0.6990291262135923,33739632.5,36199805.1
LiH_R3p0_HF,designed,5623413,60,6,0.0006843313945408269,1.0,7.633333333333334,1.2722222222222224,0.000657415523260596,0.0006843313945381624,0.7183406113537117,0.7882096069868996,39367337.0,42929129.11666667
LiH_R3p0_HF,designed,7498942,60,6,0.0006843313945408269,1.0,6.733333333333333,1.1222222222222222,0.0006667575517838031,0.0006843313945381624,0.8316831683168316,0.8910891089108911,52496035.0,50496192.4
LiH_R3p0_HF,designed,10000000,60,6,0.0006843313945408269,1.0,6.633333333333334,1.1055555555555556,0.0006755444731600946,0.0006843313945381624,0.8316582914572864,0.9045226130653267,65003202.0,66336604.71666667
LiH_R3p0_HF,designed,13335214,60,6,0.0006843313945408269,1.0,6.616666666666666,1.1027777777777776,0.0006667575517802504,0.0006843313945384289,0.8211586901763224,0.906801007556675,93349902.5,88237895.08333333
LiH_R3p0_HF,designed,17782794,60,6,0.0006843313945408269,1.0,6.533333333333333,1.0888888888888888,0.000684331394531057,0.0006843313945384289,0.8596938775510204,0.9183673469387755,106699755.0,116184152.88333334
LiH_R3p0_HF,designed,31622777,30,6,0.0006843313945408269,1.0,6.266666666666667,1.0444444444444445,0.0006843313945337215,0.0006843313945408269,0.9202127659574468,0.9574468085106383,189739615.0,198172490.83333334
LiH_R3p0_HF,designed,100000000,30,6,0.0006843313945408269,1.0,6.066666666666666,1.011111111111111,0.0006843313945337215,0.0006843313945408269,0.9725274725274725,0.989010989010989,600002940.0,606669637.6666666
LiH_R3p0_HF,designed,316227766,30,6,0.0006843313945408269,1.0,6.0,1.0,0.0006843313945337215,0.0006843313945408269,1.0,1.0,1897369530.0,1897369531.4666667
LiH_R3p0_HF,designed,1000000000,30,6,0.0006843313945408269,1.0,6.0,1.0,0.0006843313945381624,0.0006843313945408269,1.0,1.0,6000002946.0,6000002942.933333
LiH_R3p0_HF,pilot,1000000,60,6,0.0006843313945408269,0.0,16.0,2.6666666666666665,0.00569532316169763,0.0057358192392049645,0.225,0.25729166666666664,16007883.0,16007877.7
LiH_R3p0_HF,pilot,1333521,60,6,0.0006843313945408269,0.0,16.0,2.6666666666666665,0.005674427309440233,0.005730135482076992,0.25,0.271875,21344170.5,21344171.9
LiH_R3p0_HF,pilot,1778279,60,6,0.0006843313945408269,0.16666666666666666,15.416666666666666,2.569444444444444,0.003098067334973198,0.0056914550117435955,0.27135135135135136,0.31891891891891894,28460266.0,27422662.033333335
LiH_R3p0_HF,pilot,2371374,60,6,0.0006843313945408269,0.31666666666666665,14.516666666666667,2.4194444444444447,0.0030655334297255976,0.003146856442443813,0.31802525832376577,0.3616532721010333,37949803.0,34431553.1
LiH_R3p0_HF,pilot,3162278,60,6,0.0006843313945408269,0.9166666666666666,11.166666666666666,1.861111111111111,0.0006402638227704927,0.0006843313945341656,0.48059701492537316,0.5298507462686567,34790442.0,35317579.43333333
LiH_R3p0_HF,pilot,4216965,60,6,0.0006843313945408269,0.9666666666666667,8.683333333333334,1.4472222222222222,0.0006574155232548229,0.0006843313945337215,0.6257197696737045,0.6871401151631478,33739637.5,36621568.8
LiH_R3p0_HF,pilot,5623413,60,6,0.0006843313945408269,1.0,7.7,1.2833333333333334,0.0006579957221566346,0.0006843313945337215,0.7229437229437229,0.7792207792207793,44991177.5,43304043.483333334
LiH_R3p0_HF,pilot,7498942,60,6,0.0006843313945408269,1.0,6.933333333333334,1.1555555555555557,0.0006623766369702189,0.0006843313945381624,0.8221153846153846,0.8653846153846154,52495996.0,51996058.833333336
LiH_R3p0_HF,pilot,10000000,60,6,0.0006843313945408269,1.0,6.766666666666667,1.1277777777777778,0.0006667575517820268,0.0006843313945384289,0.8226600985221675,0.8866995073891626,70003401.5,67669974.28333333
LiH_R3p0_HF,pilot,13335214,60,6,0.0006843313945408269,1.0,6.483333333333333,1.0805555555555555,0.000684331394531057,0.0006843313945408269,0.8611825192802056,0.9254498714652957,80014258.0,86459815.81666666
LiH_R3p0_HF,pilot,17782794,60,6,0.0006843313945408269,1.0,6.5,1.0833333333333333,0.0006786303847432507,0.0006843313945381624,0.8564102564102564,0.9230769230769231,115591336.0,115591344.53333333
LiH_R3p0_HF,uniform,1000,30,6,0.0006843313945408269,0.0,16.0,2.6666666666666665,0.08790964306362703,0.08792647824531805,0.0,0.0,31360.0,31360.0
LiH_R3p0_HF,uniform,3162,30,6,0.0006843313945408269,0.0,16.0,2.6666666666666665,0.08789876755508752,0.08798106080217112,0.0,0.0,62720.0,62720.0
LiH_R3p0_HF,uniform,10000,30,6,0.0006843313945408269,0.0,16.0,2.6666666666666665,0.08789915963834938,0.08793007913109614,0.0,0.0,172480.0,172480.0
LiH_R3p0_HF,uniform,31623,30,6,0.0006843313945408269,0.0,16.0,2.6666666666666665,0.08791016565181442,0.08797630331208764,0.0,0.0,517440.0,517440.0
LiH_R3p0_HF,uniform,100000,30,6,0.0006843313945408269,0.0,16.0,2.6666666666666665,0.08791033749499855,0.08799244572354539,0.0,0.0,1615040.0,1615040.0
LiH_R3p0_HF,uniform,316228,30,6,0.0006843313945408269,0.0,16.0,2.6666666666666665,0.054476334998062814,0.054565178743839926,0.06458333333333334,0.06666666666666667,5064640.0,5064640.0
LiH_R3p0_HF,uniform,1000000,30,6,0.0006843313945408269,0.0,16.0,2.6666666666666665,0.005703131478549839,0.005747036354032442,0.20833333333333334,0.24791666666666667,16009280.0,16009280.0
LiH_R3p0_HF,uniform,3162278,30,6,0.0006843313945408269,0.0,16.0,2.6666666666666665,0.005695321851971968,0.005714397501695867,0.22916666666666666,0.2520833333333333,50599360.0,50599360.0
LiH_R3p0_HF,uniform,10000000,30,6,0.0006843313945408269,0.1,15.466666666666667,2.577777777777778,0.003100926597061182,0.005692114475969667,0.27586206896551724,0.3103448275862069,160014400.0,154680586.66666666
LiH_R3p0_HF,uniform,31622777,30,6,0.0006843313945408269,1.0,7.466666666666667,1.2444444444444445,0.0006579957221601873,0.0006843313945338991,0.7589285714285714,0.8035714285714286,221365340.0,236123029.33333334
LiH_R3p0_HF,uniform,100000000,30,6,0.0006843313945408269,1.0,6.766666666666667,1.1277777777777778,0.0006579957221601873,0.0006843313945384289,0.8571428571428571,0.8866995073891626,700001260.0,676667884.6666666
LiH_R3p0_HF,uniform,316227766,30,6,0.0006843313945408269,1.0,6.333333333333333,1.0555555555555556,0.0006843313945337215,0.0006843313945408269,0.9368421052631579,0.9473684210526315,1897370160.0,2002779613.3333333
LiH_R3p0_HF,uniform,1000000000,30,6,0.0006843313945408269,1.0,6.133333333333334,1.0222222222222224,0.0006843313945337215,0.0006843313945408269,0.9728260869565217,0.9782608695652174,6000004920.0,6133338362.666667
