method,trajectory,iteration,selected,selected_label,exact_best_arm,exact_best,shortfall,shots,rounds,stopped_rho,max_abs_gradient,seconds,cumulative_shots
"II-A data, safe",0,0,91,"D 2,3 -> 10,11",91,True,0.0,250249.0,45,False,0.2478529100059243,172.79,250249.0
"II-A data, safe",0,1,79,"D 2,3 -> 4,11",79,True,0.0,2545800.0,72,True,0.07383707841178924,367.51,2796049.0
"II-A data, safe",0,2,82,"D 2,3 -> 5,10",82,True,0.0,1535215.0,60,True,0.07097966094101432,327.99,4331264.0
"II-A data, safe",0,3,16,"D 0,1 -> 4,5",16,True,0.0,33963527.0,76,True,0.043058354726236335,443.09,38294791.0
"II-A data, safe",0,4,76,"D 2,3 -> 4,5",76,True,0.0,11701172.0,81,True,0.03968993935565744,459.63,49995963.0
"II-A data, safe",1,0,91,"D 2,3 -> 10,11",91,True,0.0,257587.0,46,False,0.2478529100059243,182.43,257587.0
"II-A data, safe",1,1,79,"D 2,3 -> 4,11",79,True,0.0,4245617.0,78,True,0.07383707841178924,370.59,4503204.0
"II-A data, safe",1,2,82,"D 2,3 -> 5,10",82,True,0.0,1627935.0,60,True,0.07097966094101432,328.21,6131139.0
"II-A data, safe",1,3,16,"D 0,1 -> 4,5",16,True,0.0,39264010.0,77,True,0.043058354726236335,396.66,45395149.0
"II-A data, safe",1,4,76,"D 2,3 -> 4,5",76,True,0.0,14647747.0,84,True,0.03968993935565744,474.69,60042896.0
"II-A data, safe",2,0,91,"D 2,3 -> 10,11",91,True,0.0,260152.0,46,False,0.2478529100059243,176.23,260152.0
"II-A data, safe",2,1,79,"D 2,3 -> 4,11",79,True,0.0,2747243.0,76,True,0.07383707841178924,354.6,3007395.0
"II-A data, safe",2,2,82,"D 2,3 -> 5,10",82,True,0.0,3130904.0,63,True,0.07097966094101432,365.03,6138299.0
"II-A data, safe",2,3,16,"D 0,1 -> 4,5",16,True,0.0,89391838.0,81,True,0.043058354726236335,442.15,95530137.0
"II-A data, safe",2,4,76,"D 2,3 -> 4,5",76,True,0.0,7409911.0,77,True,0.03968993935565744,440.93,102940048.0
"II-A data, safe",3,0,91,"D 2,3 -> 10,11",91,True,0.0,237290.0,46,False,0.2478529100059243,178.97,237290.0
"II-A data, safe",3,1,79,"D 2,3 -> 4,11",79,True,0.0,3346024.0,76,True,0.07383707841178924,373.91,3583314.0
"II-A data, safe",3,2,82,"D 2,3 -> 5,10",82,True,0.0,1632218.0,58,True,0.07097966094101432,334.35,5215532.0
"II-A data, safe",3,3,16,"D 0,1 -> 4,5",16,True,0.0,41442529.0,77,True,0.043058354726236335,497.31,46658061.0
"II-A data, safe",3,4,83,"D 2,3 -> 6,7",76,False,0.02603520344361976,8647241.0,80,True,0.03968993935565744,430.44,55305302.0
"II-A data, safe",4,0,91,"D 2,3 -> 10,11",91,True,0.0,221966.0,46,False,0.2478529100059243,172.91,221966.0
"II-A data, safe",4,1,79,"D 2,3 -> 4,11",79,True,0.0,3679174.0,78,True,0.07383707841178924,355.67,3901140.0
"II-A data, safe",4,2,82,"D 2,3 -> 5,10",82,True,0.0,1753328.0,61,True,0.07097966094101432,329.33,5654468.0
"II-A data, safe",4,3,16,"D 0,1 -> 4,5",16,True,0.0,32781806.0,76,True,0.043058354726236335,401.41,38436274.0
"II-A data, safe",4,4,88,"D 2,3 -> 8,9",76,False,0.026035203443619426,18355497.0,85,True,0.03968993935565744,477.09,56791771.0
"II-A data, safe",5,0,91,"D 2,3 -> 10,11",91,True,0.0,230969.0,46,False,0.2478529100059243,176.94,230969.0
"II-A data, safe",5,1,82,"D 2,3 -> 5,10",79,True,0.0,3948285.0,76,True,0.07383707841178924,377.49,4179254.0
"II-A data, safe",5,2,79,"D 2,3 -> 4,11",79,True,0.0,2297808.0,60,False,0.07097966094101434,362.88,6477062.0
"II-A data, safe",5,3,16,"D 0,1 -> 4,5",16,True,0.0,13400566.0,71,True,0.043058354726236335,409.1,19877628.0
"II-A data, safe",5,4,76,"D 2,3 -> 4,5",76,True,0.0,12172732.0,81,True,0.03968993946870195,468.21,32050360.0
"II-A data, safe",6,0,91,"D 2,3 -> 10,11",91,True,0.0,258581.0,46,False,0.2478529100059243,175.85,258581.0
"II-A data, safe",6,1,79,"D 2,3 -> 4,11",79,True,0.0,2710727.0,75,True,0.07383707841178924,381.74,2969308.0
"II-A data, safe",6,2,82,"D 2,3 -> 5,10",82,True,0.0,2547540.0,62,False,0.07097966094101432,330.13,5516848.0
"II-A data, safe",6,3,16,"D 0,1 -> 4,5",16,True,0.0,27522608.0,75,True,0.043058354726236335,418.3,33039456.0
"II-A data, safe",6,4,88,"D 2,3 -> 8,9",76,False,0.026035203443619426,17408945.0,84,True,0.03968993935565744,459.86,50448401.0
"II-A data, safe",7,0,91,"D 2,3 -> 10,11",91,True,0.0,256137.0,46,False,0.2478529100059243,175.85,256137.0
"II-A data, safe",7,1,82,"D 2,3 -> 5,10",79,True,0.0,2511026.0,73,True,0.07383707841178924,352.74,2767163.0
"II-A data, safe",7,2,79,"D 2,3 -> 4,11",79,True,0.0,3424503.0,62,False,0.07097966094101434,378.22,6191666.0
"II-A data, safe",7,3,16,"D 0,1 -> 4,5",16,True,0.0,49862241.0,78,True,0.043058354726236335,474.33,56053907.0
"II-A data, safe",7,4,76,"D 2,3 -> 4,5",76,True,0.0,15222322.0,84,True,0.03968993946870195,439.43,71276229.0
"II-A data, safe",8,0,91,"D 2,3 -> 10,11",91,True,0.0,227076.0,45,False,0.2478529100059243,164.61,227076.0
"II-A data, safe",8,1,82,"D 2,3 -> 5,10",79,True,0.0,2310452.0,74,True,0.07383707841178924,351.71,2537528.0
"II-A data, safe",8,2,79,"D 2,3 -> 4,11",79,True,0.0,2466070.0,61,False,0.07097966094101434,375.88,5003598.0
"II-A data, safe",8,3,16,"D 0,1 -> 4,5",16,True,0.0,48037611.0,78,True,0.043058354726236335,409.0,53041209.0
"II-A data, safe",8,4,76,"D 2,3 -> 4,5",76,True,0.0,8609669.0,73,True,0.03968993946870195,448.94,61650878.0
"II-A data, safe",9,0,91,"D 2,3 -> 10,11",91,True,0.0,239898.0,46,False,0.2478529100059243,179.29,239898.0
"II-A data, safe",9,1,79,"D 2,3 -> 4,11",79,True,0.0,4820087.0,79,True,0.07383707841178924,380.79,5059985.0
"II-A data, safe",9,2,82,"D 2,3 -> 5,10",82,True,0.0,1299315.0,58,True,0.07097966094101432,309.33,6359300.0
"II-A data, safe",9,3,16,"D 0,1 -> 4,5",16,True,0.0,32286486.0,76,True,0.043058354726236335,427.25,38645786.0
"II-A data, safe",9,4,76,"D 2,3 -> 4,5",76,True,0.0,11431006.0,81,True,0.03968993935565744,447.98,50076792.0
"II-A data, safe",10,0,91,"D 2,3 -> 10,11",91,True,0.0,239189.0,46,False,0.2478529100059243,177.01,239189.0
"II-A data, safe",10,1,79,"D 2,3 -> 4,11",79,True,0.0,2923345.0,77,True,0.07383707841178924,354.37,3162534.0
"II-A data, safe",10,2,82,"D 2,3 -> 5,10",82,True,0.0,1157160.0,55,True,0.07097966094101432,308.69,4319694.0
"II-A data, safe",10,3,16,"D 0,1 -> 4,5",16,True,0.0,19190729.0,73,True,0.043058354726236335,422.18,23510423.0
"II-A data, safe",10,4,88,"D 2,3 -> 8,9",76,False,0.026035203443619426,15005755.0,83,True,0.03968993935565744,448.86,38516178.0
"II-A data, safe",11,0,91,"D 2,3 -> 10,11",91,True,0.0,241142.0,46,False,0.2478529100059243,178.21,241142.0
"II-A data, safe",11,1,82,"D 2,3 -> 5,10",79,True,0.0,2412967.0,73,True,0.07383707841178924,349.67,2654109.0
"II-A data, safe",11,2,79,"D 2,3 -> 4,11",79,True,0.0,3238046.0,61,True,0.07097966094101434,381.43,5892155.0
"II-A data, safe",11,3,16,"D 0,1 -> 4,5",16,True,0.0,18630932.0,73,True,0.043058354726236335,419.05,24523087.0
"II-A data, safe",11,4,76,"D 2,3 -> 4,5",76,True,0.0,12115007.0,82,True,0.03968993946870195,439.24,36638094.0
"II-A data, safe",12,0,91,"D 2,3 -> 10,11",91,True,0.0,247942.0,46,False,0.2478529100059243,178.08,247942.0
"II-A data, safe",12,1,79,"D 2,3 -> 4,11",79,True,0.0,2366537.0,75,True,0.07383707841178924,351.05,2614479.0
"II-A data, safe",12,2,82,"D 2,3 -> 5,10",82,True,0.0,2074130.0,61,False,0.07097966094101432,329.47,4688609.0
"II-A data, safe",12,3,16,"D 0,1 -> 4,5",16,True,0.0,13312267.0,71,True,0.043058354726236335,400.58,18000876.0
"II-A data, safe",12,4,76,"D 2,3 -> 4,5",76,True,0.0,10048898.0,80,True,0.03968993935565744,451.3,28049774.0
"II-A data, safe",13,0,91,"D 2,3 -> 10,11",91,True,0.0,226651.0,45,False,0.2478529100059243,164.05,226651.0
"II-A data, safe",13,1,82,"D 2,3 -> 5,10",79,True,0.0,3336553.0,77,True,0.07383707841178924,364.49,3563204.0
"II-A data, safe",13,2,79,"D 2,3 -> 4,11",79,True,0.0,2072289.0,59,True,0.07097966094101434,354.09,5635493.0
"II-A data, safe",13,3,16,"D 0,1 -> 4,5",16,True,0.0,49631818.0,78,True,0.043058354726236335,445.73,55267311.0
"II-A data, safe",13,4,83,"D 2,3 -> 6,7",76,False,0.026035206505117148,14998773.0,84,True,0.03968993946870195,460.93,70266084.0
"II-A data, safe",14,0,91,"D 2,3 -> 10,11",91,True,0.0,253011.0,46,False,0.2478529100059243,180.24,253011.0
"II-A data, safe",14,1,79,"D 2,3 -> 4,11",79,True,0.0,3256717.0,74,True,0.07383707841178924,387.91,3509728.0
"II-A data, safe",14,2,82,"D 2,3 -> 5,10",82,True,0.0,2413880.0,60,True,0.07097966094101432,352.15,5923608.0
"II-A data, safe",14,3,16,"D 0,1 -> 4,5",16,True,0.0,49370043.0,78,True,0.043058354726236335,474.99,55293651.0
"II-A data, safe",14,4,76,"D 2,3 -> 4,5",76,True,0.0,11687050.0,81,True,0.03968993935565744,457.57,66980701.0
"II-A data, safe",15,0,91,"D 2,3 -> 10,11",91,True,0.0,260498.0,46,False,0.2478529100059243,181.43,260498.0
"II-A data, safe",15,1,82,"D 2,3 -> 5,10",79,True,0.0,2055980.0,74,True,0.07383707841178924,353.23,2316478.0
"II-A data, safe",15,2,79,"D 2,3 -> 4,11",79,True,0.0,2340982.0,58,True,0.07097966094101434,372.06,4657460.0
"II-A data, safe",15,3,16,"D 0,1 -> 4,5",16,True,0.0,49490768.0,78,True,0.043058354726236335,456.2,54148228.0
"II-A data, safe",15,4,76,"D 2,3 -> 4,5",76,True,0.0,13901415.0,83,True,0.03968993946870195,433.96,68049643.0
"II-A data, safe",16,0,91,"D 2,3 -> 10,11",91,True,0.0,249260.0,45,False,0.2478529100059243,172.91,249260.0
"II-A data, safe",16,1,82,"D 2,3 -> 5,10",79,True,0.0,1949334.0,73,True,0.07383707841178924,339.71,2198594.0
"II-A data, safe",16,2,79,"D 2,3 -> 4,11",79,True,0.0,2040508.0,60,False,0.07097966094101434,359.62,4239102.0
"II-A data, safe",16,3,16,"D 0,1 -> 4,5",16,True,0.0,34202869.0,76,True,0.043058354726236335,449.49,38441971.0
"II-A data, safe",16,4,76,"D 2,3 -> 4,5",76,True,0.0,16366267.0,84,True,0.03968993946870195,479.66,54808238.0
"II-A data, safe",17,0,91,"D 2,3 -> 10,11",91,True,0.0,253645.0,46,False,0.2478529100059243,175.96,253645.0
"II-A data, safe",17,1,82,"D 2,3 -> 5,10",79,True,0.0,2643791.0,73,True,0.07383707841178924,355.98,2897436.0
"II-A data, safe",17,2,79,"D 2,3 -> 4,11",79,True,0.0,2359626.0,60,True,0.07097966094101434,361.95,5257062.0
"II-A data, safe",17,3,16,"D 0,1 -> 4,5",16,True,0.0,20127651.0,73,True,0.043058354726236335,426.4,25384713.0
"II-A data, safe",17,4,76,"D 2,3 -> 4,5",76,True,0.0,9469806.0,81,True,0.03968993946870195,426.05,34854519.0
"II-A data, safe",18,0,91,"D 2,3 -> 10,11",91,True,0.0,239226.0,45,False,0.2478529100059243,197.83,239226.0
"II-A data, safe",18,1,79,"D 2,3 -> 4,11",79,True,0.0,3872762.0,78,True,0.07383707841178924,357.99,4111988.0
"II-A data, safe",18,2,82,"D 2,3 -> 5,10",82,True,0.0,2122734.0,60,True,0.07097966094101432,328.09,6234722.0
"II-A data, safe",18,3,16,"D 0,1 -> 4,5",16,True,0.0,27354143.0,75,True,0.043058354726236335,436.43,33588865.0
"II-A data, safe",18,4,76,"D 2,3 -> 4,5",76,True,0.0,12338117.0,82,True,0.03968993935565744,446.7,45926982.0
"II-A data, safe",19,0,91,"D 2,3 -> 10,11",91,True,0.0,227993.0,45,False,0.2478529100059243,166.51,227993.0
"II-A data, safe",19,1,79,"D 2,3 -> 4,11",79,True,0.0,2800021.0,75,True,0.07383707841178924,354.6,3028014.0
"II-A data, safe",19,2,82,"D 2,3 -> 5,10",82,True,0.0,2273644.0,61,True,0.07097966094101432,342.3,5301658.0
"II-A data, safe",19,3,16,"D 0,1 -> 4,5",16,True,0.0,48307142.0,78,True,0.043058354726236335,424.14,53608800.0
"II-A data, safe",19,4,83,"D 2,3 -> 6,7",76,False,0.02603520344361976,12651986.0,83,True,0.03968993935565744,452.73,66260786.0
"II-A data, safe",20,0,91,"D 2,3 -> 10,11",91,True,0.0,239848.0,45,False,0.2478529100059243,172.94,239848.0
"II-A data, safe",20,1,82,"D 2,3 -> 5,10",79,True,0.0,3408730.0,76,True,0.07383707841178924,365.15,3648578.0
"II-A data, safe",20,2,79,"D 2,3 -> 4,11",79,True,0.0,2978253.0,60,True,0.07097966094101434,378.66,6626831.0
"II-A data, safe",20,3,16,"D 0,1 -> 4,5",16,True,0.0,47981503.0,78,True,0.043058354726236335,395.25,54608334.0
"II-A data, safe",20,4,76,"D 2,3 -> 4,5",76,True,0.0,8400626.0,80,True,0.03968993946870195,449.56,63008960.0
"II-A data, safe",21,0,91,"D 2,3 -> 10,11",91,True,0.0,228855.0,45,True,0.2478529100059243,174.85,228855.0
"II-A data, safe",21,1,79,"D 2,3 -> 4,11",79,True,0.0,3480913.0,76,True,0.07383707841178924,372.9,3709768.0
"II-A data, safe",21,2,82,"D 2,3 -> 5,10",82,True,0.0,1590993.0,58,True,0.07097966094101432,314.17,5300761.0
"II-A data, safe",21,3,16,"D 0,1 -> 4,5",16,True,0.0,10562307.0,69,True,0.043058354726236335,422.25,15863068.0
"II-A data, safe",21,4,76,"D 2,3 -> 4,5",76,True,0.0,13398860.0,83,True,0.03968993935565744,442.24,29261928.0
"II-A data, safe",22,0,91,"D 2,3 -> 10,11",91,True,0.0,250422.0,46,False,0.2478529100059243,179.62,250422.0
"II-A data, safe",22,1,79,"D 2,3 -> 4,11",79,True,0.0,2649503.0,76,True,0.07383707841178924,363.4,2899925.0
"II-A data, safe",22,2,82,"D 2,3 -> 5,10",82,True,0.0,2677140.0,62,False,0.07097966094101432,340.32,5577065.0
"II-A data, safe",22,3,16,"D 0,1 -> 4,5",16,True,0.0,59541438.0,79,True,0.043058354726236335,458.0,65118503.0
"II-A data, safe",22,4,83,"D 2,3 -> 6,7",76,False,0.02603520344361976,10084509.0,79,True,0.03968993935565744,463.17,75203012.0
"II-A data, safe",23,0,91,"D 2,3 -> 10,11",91,True,0.0,275915.0,46,False,0.2478529100059243,177.38,275915.0
"II-A data, safe",23,1,82,"D 2,3 -> 5,10",79,True,0.0,1923277.0,70,True,0.07383707841178924,333.55,2199192.0
"II-A data, safe",23,2,79,"D 2,3 -> 4,11",79,True,0.0,3373322.0,62,False,0.07097966094101434,393.01,5572514.0
"II-A data, safe",23,3,16,"D 0,1 -> 4,5",16,True,0.0,58485764.0,79,True,0.043058354726236335,406.27,64058278.0
"II-A data, safe",23,4,76,"D 2,3 -> 4,5",76,True,0.0,13142093.0,83,True,0.03968993946870195,442.37,77200371.0
"II-A data, safe",24,0,91,"D 2,3 -> 10,11",91,True,0.0,243401.0,45,True,0.2478529100059243,174.01,243401.0
"II-A data, safe",24,1,79,"D 2,3 -> 4,11",79,True,0.0,3214325.0,77,True,0.07383707841178924,353.56,3457726.0
"II-A data, safe",24,2,82,"D 2,3 -> 5,10",82,True,0.0,2126395.0,60,False,0.07097966094101432,355.51,5584121.0
"II-A data, safe",24,3,16,"D 0,1 -> 4,5",16,True,0.0,40190908.0,77,True,0.043058354726236335,446.63,45775029.0
"II-A data, safe",24,4,83,"D 2,3 -> 6,7",76,False,0.02603520344361976,14884046.0,84,True,0.03968993935565744,445.11,60659075.0
"II-A data, safe",25,0,91,"D 2,3 -> 10,11",91,True,0.0,246613.0,46,False,0.2478529100059243,175.3,246613.0
"II-A data, safe",25,1,79,"D 2,3 -> 4,11",79,True,0.0,2973313.0,77,True,0.07383707841178924,351.32,3219926.0
"II-A data, safe",25,2,82,"D 2,3 -> 5,10",82,True,0.0,1705544.0,58,True,0.07097966094101432,313.87,4925470.0
"II-A data, safe",25,3,16,"D 0,1 -> 4,5",16,True,0.0,48649260.0,78,True,0.043058354726236335,415.13,53574730.0
"II-A data, safe",25,4,76,"D 2,3 -> 4,5",76,True,0.0,10108222.0,78,True,0.03968993935565744,433.36,63682952.0
"II-A data, safe",26,0,91,"D 2,3 -> 10,11",91,True,0.0,245424.0,46,False,0.2478529100059243,174.09,245424.0
"II-A data, safe",26,1,82,"D 2,3 -> 5,10",79,True,0.0,3232251.0,74,True,0.07383707841178924,359.75,3477675.0
"II-A data, safe",26,2,79,"D 2,3 -> 4,11",79,True,0.0,2565727.0,59,True,0.07097966094101434,378.59,6043402.0
"II-A data, safe",26,3,16,"D 0,1 -> 4,5",16,True,0.0,28583397.0,75,True,0.043058354726236335,440.17,34626799.0
"II-A data, safe",26,4,76,"D 2,3 -> 4,5",76,True,0.0,13605495.0,83,True,0.03968993946870195,442.58,48232294.0
"II-A data, safe",27,0,91,"D 2,3 -> 10,11",91,True,0.0,245953.0,45,True,0.2478529100059243,172.77,245953.0
"II-A data, safe",27,1,82,"D 2,3 -> 5,10",79,True,0.0,2085855.0,73,True,0.07383707841178924,340.36,2331808.0
"II-A data, safe",27,2,79,"D 2,3 -> 4,11",79,True,0.0,3915373.0,63,False,0.07097966094101434,389.34,6247181.0
"II-A data, safe",27,3,16,"D 0,1 -> 4,5",16,True,0.0,48685010.0,78,True,0.043058354726236335,441.64,54932191.0
"II-A data, safe",27,4,76,"D 2,3 -> 4,5",76,True,0.0,16863396.0,84,True,0.03968993946870195,460.73,71795587.0
"II-A data, safe",28,0,91,"D 2,3 -> 10,11",91,True,0.0,223252.0,45,False,0.2478529100059243,163.81,223252.0
"II-A data, safe",28,1,82,"D 2,3 -> 5,10",79,True,0.0,2532058.0,75,True,0.07383707841178924,355.75,2755310.0
"II-A data, safe",28,2,79,"D 2,3 -> 4,11",79,True,0.0,3460020.0,62,False,0.07097966094101434,361.76,6215330.0
"II-A data, safe",28,3,16,"D 0,1 -> 4,5",16,True,0.0,26779874.0,75,True,0.043058354726236335,406.88,32995204.0
"II-A data, safe",28,4,88,"D 2,3 -> 8,9",76,False,0.026035206505116926,9750182.0,81,True,0.03968993946870195,447.98,42745386.0
"II-A data, safe",29,0,91,"D 2,3 -> 10,11",91,True,0.0,243140.0,46,False,0.2478529100059243,174.35,243140.0
"II-A data, safe",29,1,82,"D 2,3 -> 5,10",79,True,0.0,4141304.0,77,True,0.07383707841178924,354.75,4384444.0
"II-A data, safe",29,2,79,"D 2,3 -> 4,11",79,True,0.0,1963668.0,58,True,0.07097966094101434,349.25,6348112.0
"II-A data, safe",29,3,16,"D 0,1 -> 4,5",16,True,0.0,60248910.0,79,True,0.043058354726236335,468.55,66597022.0
"II-A data, safe",29,4,88,"D 2,3 -> 8,9",76,False,0.026035206505116926,11959800.0,81,True,0.03968993946870195,421.04,78556822.0
