case_id,iteration,energy,energy_error,max_abs_gradient,second_abs_gradient,relative_gap,n_nonzero_gradients,best,added_next
BeH2_ADAPT0,0,-15.560098380998017,0.0350191815750609,0.16692123625657843,0.1648388088285684,0.012475509256408019,32,"D 4,5 -> 10,11","D 4,5 -> 10,11"
BeH2_ADAPT1,1,-15.566131082042268,0.028986480530809544,0.1658352429420315,0.1658352429420315,0.0,37,"D 2,5 -> 10,13","D 2,5 -> 10,13"
BeH2_ADAPT2,2,-15.57042674180447,0.02469082076860829,0.16781973331086256,0.1486927501904349,0.11397338526928533,36,"D 3,4 -> 11,12","D 3,4 -> 11,12"
BeH2_ADAPT3,3,-15.574830439642426,0.020287122930652046,0.15372097292229872,0.14254944444642387,0.07267406823870234,36,"D 4,5 -> 12,13","D 4,5 -> 12,13"
BeH2_ADAPT4,4,-15.57777463090004,0.017342931673038464,0.1433017506473583,0.1310434161430053,0.08554211270257771,37,"D 2,3 -> 10,11","D 2,3 -> 10,11"
BeH2_ADAPT5,5,-15.582077630145923,0.013039932427155065,0.1264996089759608,0.12649960897596077,2.1941234317098492e-16,34,"D 2,5 -> 11,12","D 2,5 -> 11,12"
BeH2_ADAPT6,6,-15.584670256825502,0.010447305747575797,0.1322815673699291,0.11753779981552183,0.1114574603820343,37,"D 3,4 -> 10,13","D 3,4 -> 10,13"
BeH2_ADAPT7,7,-15.587510819368111,0.007606743204966904,0.12009681469674192,0.09087774799431572,0.24329593400297633,32,"D 2,3 -> 12,13","D 2,3 -> 12,13"
BeH2_ADAPT8,8,-15.589284521095555,0.005833041477522727,0.09017007887768588,0.09017007887768586,3.0781358917605984e-16,30,"D 2,3 -> 6,7","D 2,3 -> 6,7"
BeH2_ADAPT9,9,-15.591770456148044,0.0033471064250338856,0.08755390785317196,0.04261957253033283,0.5132190718225175,31,"D 2,3 -> 8,9","D 2,3 -> 8,9"
BeH2_ADAPT10,10,-15.594115644038636,0.0010019185344418702,0.042847327728908126,0.04056733346236807,0.05321205282545062,30,"D 0,1 -> 10,11",
